id,user_id,lesson_id,completion_percentage_difference,overall_completion_percentage,activity_recorded_datetime_in_utc
UUPL00001,CCBP1001USR,LSN01,5,5,2021-07-05T05:30:00Z
UUPL00002,CCBP1001USR,LSN01,5,10,2021-07-05T06:30:00Z
UUPL00003,CCBP1001USR,LSN01,25,35,2021-07-07T04:30:00Z
UUPL00004,CCBP1001USR,LSN01,15,50,2021-07-08T12:30:00Z
UUPL00005,CCBP1001USR,LSN01,20,70,2021-07-09T07:30:00Z
UUPL01657,CCBP1016USR,LSN01,25,25,2021-07-30T12:30:00Z
UUPL01658,CCBP1016USR,LSN01,10,35,2021-07-31T07:30:00Z
UUPL01659,CCBP1016USR,LSN01,15,50,2021-08-01T11:30:00Z
UUPL01682,CCBP1016USR,LSN01,25,75,2021-08-02T09:30:00Z
UUPL01653,CCBP1016USR,LSN01,25,100,2021-08-03T05:30:00Z
UUPL01682,CCBP1021USR,LSN01,5,5,2021-07-05T06:30:00Z
UUPL01653,CCBP1021USR,LSN01,5,10,2021-07-06T04:30:00Z
UUPL01654,CCBP1021USR,LSN01,25,35,2021-07-07T12:30:00Z
UUPL01655,CCBP1021USR,LSN01,15,50,2021-07-08T07:30:00Z
UUPL01656,CCBP1021USR,LSN01,20,70,2021-07-09T11:30:00Z
UUPL01656,CCBP1041USR,LSN01,5,5,2021-07-05T07:30:00Z
UUPL01657,CCBP1041USR,LSN01,5,10,2021-07-06T11:30:00Z
UUPL01658,CCBP1041USR,LSN01,25,35,2021-07-07T09:30:00Z
UUPL01659,CCBP1041USR,LSN01,15,50,2021-07-08T05:30:00Z
UUPL01682,CCBP1041USR,LSN01,20,70,2021-07-09T06:30:00Z
UUPL01682,CCBP1043USR,LSN01,5,5,2021-08-31T05:30:00Z
UUPL01653,CCBP1043USR,LSN01,5,10,2021-09-01T06:30:00Z
UUPL01654,CCBP1043USR,LSN01,25,35,2021-09-02T04:30:00Z
UUPL01655,CCBP1043USR,LSN01,15,50,2021-09-03T12:30:00Z
UUPL01656,CCBP1043USR,LSN01,20,70,2021-09-04T07:30:00Z
UUPL00006,CCBP1001USR,LSN02,20,20,2021-07-10T11:30:00Z
UUPL00007,CCBP1001USR,LSN02,10,30,2021-07-11T09:30:00Z
UUPL00008,CCBP1001USR,LSN02,5,35,2021-07-12T05:30:00Z
UUPL00009,CCBP1001USR,LSN02,15,50,2021-07-13T06:30:00Z
UUPL00010,CCBP1001USR,LSN02,35,85,2021-07-14T04:30:00Z
UUPL01654,CCBP1016USR,LSN02,18,18,2021-08-04T06:30:00Z
UUPL01655,CCBP1016USR,LSN02,17,35,2021-08-05T04:30:00Z
UUPL01656,CCBP1016USR,LSN02,40,75,2021-08-06T12:30:00Z
UUPL01657,CCBP1016USR,LSN02,14,89,2021-08-07T07:30:00Z
UUPL01658,CCBP1016USR,LSN02,11,100,2021-08-08T11:30:00Z
UUPL01657,CCBP1021USR,LSN02,20,20,2021-07-10T09:30:00Z
UUPL01658,CCBP1021USR,LSN02,10,30,2021-07-11T05:30:00Z
UUPL01659,CCBP1021USR,LSN02,5,35,2021-07-12T06:30:00Z
UUPL01682,CCBP1021USR,LSN02,15,50,2021-07-13T04:30:00Z
UUPL01653,CCBP1021USR,LSN02,35,85,2021-07-14T12:30:00Z
UUPL01653,CCBP1041USR,LSN02,20,20,2021-07-10T04:30:00Z
UUPL01654,CCBP1041USR,LSN02,10,30,2021-07-11T12:30:00Z
UUPL01655,CCBP1041USR,LSN02,5,35,2021-07-12T07:30:00Z
UUPL01656,CCBP1041USR,LSN02,15,50,2021-07-13T11:30:00Z
UUPL01657,CCBP1041USR,LSN02,35,85,2021-07-14T09:30:00Z
UUPL01657,CCBP1043USR,LSN02,20,20,2021-09-05T11:30:00Z
UUPL01658,CCBP1043USR,LSN02,10,30,2021-09-06T09:30:00Z
UUPL01659,CCBP1043USR,LSN02,5,35,2021-09-07T05:30:00Z
UUPL01682,CCBP1043USR,LSN02,15,50,2021-09-08T06:30:00Z
UUPL01653,CCBP1043USR,LSN02,35,85,2021-09-09T04:30:00Z
UUPL00011,CCBP1001USR,LSN03,6,6,2021-08-15T12:30:00Z
UUPL00012,CCBP1001USR,LSN03,5,11,2021-08-16T07:30:00Z
UUPL00013,CCBP1001USR,LSN03,57,98,2021-08-17T11:30:00Z
UUPL00014,CCBP1001USR,LSN03,30,41,2021-08-17T09:30:00Z
UUPL00015,CCBP1001USR,LSN03,2,100,2021-08-19T05:30:00Z
UUPL01659,CCBP1016USR,LSN03,19,19,2021-08-09T09:30:00Z
UUPL01682,CCBP1016USR,LSN03,51,70,2021-08-10T05:30:00Z
UUPL01653,CCBP1016USR,LSN03,15,85,2021-08-11T06:30:00Z
UUPL01654,CCBP1016USR,LSN03,14,99,2021-08-12T04:30:00Z
UUPL01655,CCBP1016USR,LSN03,1,100,2021-08-13T12:30:00Z
UUPL01654,CCBP1021USR,LSN03,6,6,2021-07-15T07:30:00Z
UUPL01655,CCBP1021USR,LSN03,5,11,2021-07-16T11:30:00Z
UUPL01656,CCBP1021USR,LSN03,34,45,2021-07-17T09:30:00Z
UUPL01657,CCBP1021USR,LSN03,23,68,2021-07-18T05:30:00Z
UUPL01658,CCBP1021USR,LSN03,31,99,2021-07-19T06:30:00Z
UUPL01658,CCBP1041USR,LSN03,6,6,2021-07-15T05:30:00Z
UUPL01659,CCBP1041USR,LSN03,5,11,2021-07-16T06:30:00Z
UUPL01682,CCBP1041USR,LSN03,34,45,2021-07-17T04:30:00Z
UUPL01653,CCBP1041USR,LSN03,23,68,2021-07-18T12:30:00Z
UUPL01654,CCBP1041USR,LSN03,31,99,2021-07-19T07:30:00Z
UUPL01654,CCBP1043USR,LSN03,6,41,2021-09-10T12:30:00Z
UUPL01656,CCBP1043USR,LSN03,6,6,2021-07-17T11:30:00Z
UUPL01657,CCBP1043USR,LSN03,23,29,2021-07-18T09:30:00Z
UUPL01658,CCBP1043USR,LSN03,6,35,2021-07-19T05:30:00Z
UUPL00016,CCBP1001USR,LSN04,10,10,2021-07-20T06:30:00Z
UUPL00017,CCBP1001USR,LSN04,11,21,2021-07-21T04:30:00Z
UUPL00018,CCBP1001USR,LSN04,10,31,2021-07-22T12:30:00Z
UUPL00019,CCBP1001USR,LSN04,56,87,2021-07-23T07:30:00Z
UUPL00020,CCBP1001USR,LSN04,13,100,2021-07-24T11:30:00Z
UUPL01656,CCBP1016USR,LSN04,19,19,2021-08-14T07:30:00Z
UUPL01657,CCBP1016USR,LSN04,6,25,2021-08-15T11:30:00Z
UUPL01658,CCBP1016USR,LSN04,20,45,2021-08-16T09:30:00Z
UUPL01659,CCBP1016USR,LSN04,7,52,2021-08-17T05:30:00Z
UUPL01682,CCBP1016USR,LSN04,8,60,2021-08-18T06:30:00Z
UUPL01659,CCBP1021USR,LSN04,10,10,2021-07-20T04:30:00Z
UUPL01682,CCBP1021USR,LSN04,11,21,2021-07-21T12:30:00Z
UUPL01653,CCBP1021USR,LSN04,10,31,2021-07-22T07:30:00Z
UUPL01654,CCBP1021USR,LSN04,56,87,2021-07-23T11:30:00Z
UUPL01655,CCBP1021USR,LSN04,13,100,2021-07-24T09:30:00Z
UUPL01655,CCBP1041USR,LSN04,10,10,2021-07-20T11:30:00Z
UUPL01656,CCBP1041USR,LSN04,11,21,2021-07-21T09:30:00Z
UUPL01657,CCBP1041USR,LSN04,10,31,2021-07-22T05:30:00Z
UUPL01658,CCBP1041USR,LSN04,56,87,2021-07-23T06:30:00Z
UUPL01659,CCBP1041USR,LSN04,13,100,2021-07-24T04:30:00Z
UUPL01659,CCBP1043USR,LSN04,10,10,2021-07-20T06:30:00Z
UUPL01682,CCBP1043USR,LSN04,11,21,2021-07-21T04:30:00Z
UUPL01653,CCBP1043USR,LSN04,10,31,2021-07-22T12:30:00Z
UUPL01654,CCBP1043USR,LSN04,56,87,2021-07-23T07:30:00Z
UUPL01655,CCBP1043USR,LSN04,13,100,2021-07-24T11:30:00Z
UUPL00021,CCBP1001USR,LSN05,50,50,2021-07-25T09:30:00Z
UUPL00022,CCBP1001USR,LSN05,9,59,2021-07-26T05:30:00Z
UUPL00023,CCBP1001USR,LSN05,16,75,2021-07-27T06:30:00Z
UUPL00024,CCBP1001USR,LSN05,20,95,2021-07-28T04:30:00Z
UUPL00025,CCBP1001USR,LSN05,5,100,2021-07-29T12:30:00Z
UUPL01653,CCBP1016USR,LSN05,20,20,2021-08-19T04:30:00Z
UUPL01654,CCBP1016USR,LSN05,5,25,2021-08-20T12:30:00Z
UUPL01655,CCBP1016USR,LSN05,20,45,2021-08-21T07:30:00Z
UUPL01656,CCBP1016USR,LSN05,7,52,2021-08-22T11:30:00Z
UUPL01657,CCBP1016USR,LSN05,26,78,2021-08-23T09:30:00Z
UUPL01656,CCBP1021USR,LSN05,50,50,2021-07-25T05:30:00Z
UUPL01657,CCBP1021USR,LSN05,9,59,2021-07-26T06:30:00Z
UUPL01658,CCBP1021USR,LSN05,16,75,2021-07-27T04:30:00Z
UUPL01659,CCBP1021USR,LSN05,20,95,2021-07-28T12:30:00Z
UUPL01682,CCBP1021USR,LSN05,5,100,2021-07-29T07:30:00Z
UUPL01682,CCBP1041USR,LSN05,50,50,2021-07-25T12:30:00Z
UUPL01653,CCBP1041USR,LSN05,9,59,2021-07-26T07:30:00Z
UUPL01654,CCBP1041USR,LSN05,16,75,2021-07-27T11:30:00Z
UUPL01655,CCBP1041USR,LSN05,20,95,2021-07-28T09:30:00Z
UUPL01656,CCBP1041USR,LSN05,5,100,2021-07-29T05:30:00Z
UUPL01656,CCBP1043USR,LSN05,50,50,2021-07-25T09:30:00Z
UUPL01657,CCBP1043USR,LSN05,9,59,2021-07-26T05:30:00Z
UUPL01658,CCBP1043USR,LSN05,16,75,2021-07-27T06:30:00Z
UUPL01659,CCBP1043USR,LSN05,20,95,2021-07-28T04:30:00Z
UUPL01682,CCBP1043USR,LSN05,5,100,2021-07-29T12:30:00Z
UUPL00026,CCBP1002USR,LSN06,25,25,2021-07-30T07:30:00Z
UUPL00027,CCBP1002USR,LSN06,10,35,2021-07-31T11:30:00Z
UUPL00028,CCBP1002USR,LSN06,15,50,2021-08-01T09:30:00Z
UUPL00029,CCBP1002USR,LSN06,25,75,2021-08-02T05:30:00Z
UUPL00030,CCBP1002USR,LSN06,25,100,2021-08-03T06:30:00Z
UUPL00120,CCBP1005USR,LSN06,5,5,2021-09-05T04:30:00Z
UUPL00121,CCBP1005USR,LSN06,5,10,2021-09-06T12:30:00Z
UUPL00122,CCBP1005USR,LSN06,25,35,2021-09-07T07:30:00Z
UUPL00123,CCBP1005USR,LSN06,15,50,2021-09-08T11:30:00Z
UUPL00124,CCBP1005USR,LSN06,20,70,2021-09-09T09:30:00Z
UUPL01419,CCBP1010USR,LSN06,5,5,2021-09-05T06:30:00Z
UUPL01420,CCBP1010USR,LSN06,5,10,2021-09-06T04:30:00Z
UUPL01421,CCBP1010USR,LSN06,25,35,2021-09-07T12:30:00Z
UUPL01422,CCBP1010USR,LSN06,15,50,2021-09-08T07:30:00Z
UUPL01423,CCBP1010USR,LSN06,20,70,2021-09-09T11:30:00Z
UUPL01659,CCBP1015USR,LSN06,5,5,2021-09-05T05:30:00Z
UUPL01682,CCBP1015USR,LSN06,5,10,2021-09-06T06:30:00Z
UUPL01653,CCBP1015USR,LSN06,25,35,2021-09-07T04:30:00Z
UUPL01654,CCBP1015USR,LSN06,15,50,2021-09-08T12:30:00Z
UUPL01655,CCBP1015USR,LSN06,20,70,2021-09-09T07:30:00Z
UUPL01655,CCBP1019USR,LSN06,15,15,2021-09-18T04:30:00Z
UUPL01656,CCBP1019USR,LSN06,25,40,2021-09-19T12:30:00Z
UUPL01657,CCBP1019USR,LSN06,8,48,2021-09-20T07:30:00Z
UUPL01658,CCBP1019USR,LSN06,11,59,2021-09-21T11:30:00Z
UUPL01659,CCBP1019USR,LSN06,41,100,2021-09-22T09:30:00Z
UUPL01658,CCBP1017USR,LSN06,20,20,2021-10-20T05:30:00Z
UUPL01659,CCBP1017USR,LSN06,5,25,2021-10-21T06:30:00Z
UUPL01682,CCBP1017USR,LSN06,20,45,2021-10-22T04:30:00Z
UUPL01653,CCBP1017USR,LSN06,7,52,2021-10-23T12:30:00Z
UUPL01654,CCBP1017USR,LSN06,47,99,2021-10-24T07:30:00Z
UUPL01653,CCBP1022USR,LSN06,25,25,2021-07-30T11:30:00Z
UUPL01654,CCBP1022USR,LSN06,10,35,2021-07-31T09:30:00Z
UUPL01655,CCBP1022USR,LSN06,15,50,2021-08-01T05:30:00Z
UUPL01656,CCBP1022USR,LSN06,25,75,2021-08-02T06:30:00Z
UUPL01657,CCBP1022USR,LSN06,25,100,2021-08-03T04:30:00Z
UUPL01656,CCBP1025USR,LSN06,5,5,2021-07-05T12:30:00Z
UUPL01657,CCBP1025USR,LSN06,5,10,2021-07-06T07:30:00Z
UUPL01658,CCBP1025USR,LSN06,25,35,2021-07-07T11:30:00Z
UUPL01659,CCBP1025USR,LSN06,15,50,2021-07-08T09:30:00Z
UUPL01682,CCBP1025USR,LSN06,20,70,2021-07-09T05:30:00Z
UUPL01653,CCBP1030USR,LSN06,5,5,2021-09-10T04:30:00Z
UUPL01654,CCBP1030USR,LSN06,5,10,2021-09-11T12:30:00Z
UUPL01655,CCBP1030USR,LSN06,25,35,2021-09-12T07:30:00Z
UUPL01656,CCBP1030USR,LSN06,15,50,2021-09-13T11:30:00Z
UUPL01657,CCBP1030USR,LSN06,20,70,2021-09-14T09:30:00Z
UUPL01658,CCBP1035USR,LSN06,5,5,2021-07-05T06:30:00Z
UUPL01659,CCBP1035USR,LSN06,5,10,2021-07-06T04:30:00Z
UUPL01682,CCBP1035USR,LSN06,25,35,2021-07-07T12:30:00Z
UUPL01653,CCBP1035USR,LSN06,15,50,2021-07-08T07:30:00Z
UUPL01654,CCBP1035USR,LSN06,20,70,2021-07-09T11:30:00Z
UUPL01654,CCBP1039USR,LSN06,15,15,2021-09-18T12:30:00Z
UUPL01655,CCBP1039USR,LSN06,25,40,2021-09-19T07:30:00Z
UUPL01656,CCBP1039USR,LSN06,8,48,2021-09-20T11:30:00Z
UUPL01657,CCBP1039USR,LSN06,11,59,2021-09-21T09:30:00Z
UUPL01658,CCBP1039USR,LSN06,41,100,2021-09-22T05:30:00Z
UUPL01657,CCBP1042USR,LSN06,25,25,2021-07-30T06:30:00Z
UUPL01658,CCBP1042USR,LSN06,10,35,2021-07-31T04:30:00Z
UUPL01659,CCBP1042USR,LSN06,15,50,2021-08-01T12:30:00Z
UUPL01682,CCBP1042USR,LSN06,25,75,2021-08-02T07:30:00Z
UUPL01653,CCBP1042USR,LSN06,25,100,2021-08-03T11:30:00Z
UUPL01682,CCBP1045USR,LSN06,5,5,2021-09-15T09:30:00Z
UUPL01653,CCBP1045USR,LSN06,5,10,2021-09-16T05:30:00Z
UUPL01654,CCBP1045USR,LSN06,25,35,2021-09-17T06:30:00Z
UUPL01655,CCBP1045USR,LSN06,15,50,2021-09-18T04:30:00Z
UUPL01656,CCBP1045USR,LSN06,20,70,2021-09-19T12:30:00Z
UUPL01657,CCBP1050USR,LSN06,5,5,2021-09-20T11:30:00Z
UUPL01658,CCBP1050USR,LSN06,5,10,2021-09-21T09:30:00Z
UUPL01659,CCBP1050USR,LSN06,25,35,2021-09-22T05:30:00Z
UUPL01682,CCBP1050USR,LSN06,15,50,2021-09-23T06:30:00Z
UUPL01653,CCBP1050USR,LSN06,20,70,2021-09-24T04:30:00Z
UUPL01654,CCBP1004USR,LSN06,5,5,2021-07-05T07:30:00Z
UUPL01655,CCBP1004USR,LSN06,5,10,2021-07-06T11:30:00Z
UUPL01656,CCBP1004USR,LSN06,25,35,2021-07-07T09:30:00Z
UUPL01657,CCBP1004USR,LSN06,15,50,2021-07-08T05:30:00Z
UUPL01658,CCBP1004USR,LSN06,20,70,2021-07-09T06:30:00Z
UUPL01658,CCBP1011USR,LSN06,15,15,2021-11-24T09:30:00Z
UUPL01659,CCBP1011USR,LSN06,25,40,2021-11-25T05:30:00Z
UUPL01682,CCBP1011USR,LSN06,8,48,2021-11-26T06:30:00Z
UUPL01653,CCBP1011USR,LSN06,11,59,2021-11-27T04:30:00Z
UUPL01654,CCBP1011USR,LSN06,41,100,2021-11-28T12:30:00Z
UUPL01653,CCBP1012USR,LSN06,25,25,2021-07-30T07:30:00Z
UUPL01654,CCBP1012USR,LSN06,10,35,2021-07-31T11:30:00Z
UUPL01655,CCBP1012USR,LSN06,15,50,2021-08-01T09:30:00Z
UUPL01656,CCBP1012USR,LSN06,25,75,2021-08-02T05:30:00Z
UUPL01657,CCBP1012USR,LSN06,25,100,2021-08-03T06:30:00Z
UUPL01656,CCBP1031USR,LSN06,5,5,2021-09-25T04:30:00Z
UUPL01657,CCBP1031USR,LSN06,5,10,2021-09-26T12:30:00Z
UUPL01658,CCBP1031USR,LSN06,25,35,2021-09-27T07:30:00Z
UUPL01659,CCBP1031USR,LSN06,15,50,2021-09-28T11:30:00Z
UUPL01682,CCBP1031USR,LSN06,20,70,2021-09-29T09:30:00Z
UUPL01653,CCBP1020USR,LSN06,5,5,2021-07-05T06:30:00Z
UUPL01654,CCBP1020USR,LSN06,5,10,2021-07-06T04:30:00Z
UUPL01655,CCBP1020USR,LSN06,25,35,2021-07-07T12:30:00Z
UUPL01656,CCBP1020USR,LSN06,15,50,2021-07-08T07:30:00Z
UUPL01657,CCBP1020USR,LSN06,20,70,2021-07-09T11:30:00Z
UUPL01658,CCBP1037USR,LSN06,5,5,2021-07-05T05:30:00Z
UUPL01659,CCBP1037USR,LSN06,5,10,2021-07-06T06:30:00Z
UUPL01682,CCBP1037USR,LSN06,25,35,2021-07-07T04:30:00Z
UUPL01653,CCBP1037USR,LSN06,15,50,2021-07-08T12:30:00Z
UUPL01654,CCBP1037USR,LSN06,20,70,2021-07-09T07:30:00Z
UUPL01654,CCBP1044USR,LSN06,15,15,2021-09-18T04:30:00Z
UUPL01655,CCBP1044USR,LSN06,25,40,2021-09-19T12:30:00Z
UUPL01656,CCBP1044USR,LSN06,8,48,2021-09-20T07:30:00Z
UUPL01657,CCBP1044USR,LSN06,11,59,2021-09-21T11:30:00Z
UUPL01658,CCBP1044USR,LSN06,41,100,2021-09-22T09:30:00Z
UUPL00031,CCBP1002USR,LSN07,18,18,2021-08-04T04:30:00Z
UUPL00032,CCBP1002USR,LSN07,17,35,2021-08-05T12:30:00Z
UUPL00033,CCBP1002USR,LSN07,40,75,2021-08-06T07:30:00Z
UUPL00034,CCBP1002USR,LSN07,14,89,2021-08-07T11:30:00Z
UUPL00035,CCBP1002USR,LSN07,11,100,2021-08-08T09:30:00Z
UUPL00125,CCBP1005USR,LSN07,20,20,2021-07-10T05:30:00Z
UUPL00126,CCBP1005USR,LSN07,10,30,2021-07-11T06:30:00Z
UUPL00127,CCBP1005USR,LSN07,5,35,2021-07-12T04:30:00Z
UUPL00128,CCBP1005USR,LSN07,15,50,2021-07-13T12:30:00Z
UUPL00129,CCBP1005USR,LSN07,35,85,2021-07-14T07:30:00Z
UUPL01424,CCBP1010USR,LSN07,20,20,2021-07-10T09:30:00Z
UUPL01425,CCBP1010USR,LSN07,10,30,2021-07-11T05:30:00Z
UUPL01426,CCBP1010USR,LSN07,5,35,2021-07-12T06:30:00Z
UUPL01427,CCBP1010USR,LSN07,15,50,2021-07-13T04:30:00Z
UUPL01428,CCBP1010USR,LSN07,35,85,2021-07-14T12:30:00Z
UUPL01656,CCBP1015USR,LSN07,20,20,2021-07-10T11:30:00Z
UUPL01657,CCBP1015USR,LSN07,10,30,2021-07-11T09:30:00Z
UUPL01658,CCBP1015USR,LSN07,5,35,2021-07-12T05:30:00Z
UUPL01659,CCBP1015USR,LSN07,15,50,2021-07-13T06:30:00Z
UUPL01682,CCBP1015USR,LSN07,35,85,2021-07-14T04:30:00Z
UUPL01682,CCBP1019USR,LSN07,15,15,2021-09-23T05:30:00Z
UUPL01653,CCBP1019USR,LSN07,25,40,2021-09-24T06:30:00Z
UUPL01654,CCBP1019USR,LSN07,8,48,2021-09-25T04:30:00Z
UUPL01655,CCBP1019USR,LSN07,11,59,2021-09-26T12:30:00Z
UUPL01656,CCBP1019USR,LSN07,6,65,2021-09-27T07:30:00Z
UUPL01655,CCBP1017USR,LSN07,20,20,2021-08-29T11:30:00Z
UUPL01656,CCBP1017USR,LSN07,5,25,2021-08-30T09:30:00Z
UUPL01657,CCBP1017USR,LSN07,13,38,2021-08-31T05:30:00Z
UUPL01658,CCBP1017USR,LSN07,14,52,2021-09-01T06:30:00Z
UUPL01659,CCBP1017USR,LSN07,47,99,2021-09-02T04:30:00Z
UUPL01658,CCBP1022USR,LSN07,18,18,2021-08-04T12:30:00Z
UUPL01659,CCBP1022USR,LSN07,17,35,2021-08-05T07:30:00Z
UUPL01682,CCBP1022USR,LSN07,40,75,2021-08-06T11:30:00Z
UUPL01653,CCBP1022USR,LSN07,14,89,2021-08-07T09:30:00Z
UUPL01654,CCBP1022USR,LSN07,11,100,2021-08-08T05:30:00Z
UUPL01653,CCBP1025USR,LSN07,20,20,2021-07-10T06:30:00Z
UUPL01654,CCBP1025USR,LSN07,10,30,2021-07-11T04:30:00Z
UUPL01655,CCBP1025USR,LSN07,5,35,2021-07-12T12:30:00Z
UUPL01656,CCBP1025USR,LSN07,15,50,2021-07-13T07:30:00Z
UUPL01657,CCBP1025USR,LSN07,35,85,2021-07-14T11:30:00Z
UUPL01658,CCBP1030USR,LSN07,20,20,2021-07-10T05:30:00Z
UUPL01659,CCBP1030USR,LSN07,10,30,2021-07-11T06:30:00Z
UUPL01682,CCBP1030USR,LSN07,5,35,2021-07-12T04:30:00Z
UUPL01653,CCBP1030USR,LSN07,15,50,2021-07-13T12:30:00Z
UUPL01654,CCBP1030USR,LSN07,35,85,2021-07-14T07:30:00Z
UUPL01655,CCBP1035USR,LSN07,20,20,2021-07-10T09:30:00Z
UUPL01656,CCBP1035USR,LSN07,10,30,2021-07-11T05:30:00Z
UUPL01657,CCBP1035USR,LSN07,5,35,2021-07-12T06:30:00Z
UUPL01658,CCBP1035USR,LSN07,15,50,2021-07-13T04:30:00Z
UUPL01659,CCBP1035USR,LSN07,35,85,2021-07-14T12:30:00Z
UUPL01659,CCBP1039USR,LSN07,15,15,2021-09-23T06:30:00Z
UUPL01682,CCBP1039USR,LSN07,25,40,2021-09-24T04:30:00Z
UUPL01653,CCBP1039USR,LSN07,8,48,2021-09-25T12:30:00Z
UUPL01654,CCBP1039USR,LSN07,11,59,2021-09-26T07:30:00Z
UUPL01655,CCBP1039USR,LSN07,6,65,2021-09-27T11:30:00Z
UUPL01654,CCBP1042USR,LSN07,18,18,2021-08-04T09:30:00Z
UUPL01655,CCBP1042USR,LSN07,17,35,2021-08-05T05:30:00Z
UUPL01656,CCBP1042USR,LSN07,40,75,2021-08-06T06:30:00Z
UUPL01657,CCBP1042USR,LSN07,14,89,2021-08-07T04:30:00Z
UUPL01658,CCBP1042USR,LSN07,11,100,2021-08-08T12:30:00Z
UUPL01657,CCBP1045USR,LSN07,20,20,2021-08-10T07:30:00Z
UUPL01658,CCBP1045USR,LSN07,10,30,2021-08-11T11:30:00Z
UUPL01659,CCBP1045USR,LSN07,5,35,2021-08-12T09:30:00Z
UUPL01682,CCBP1045USR,LSN07,15,50,2021-08-13T05:30:00Z
UUPL01653,CCBP1045USR,LSN07,35,85,2021-08-14T06:30:00Z
UUPL01654,CCBP1050USR,LSN07,20,20,2021-08-18T12:30:00Z
UUPL01655,CCBP1050USR,LSN07,10,30,2021-08-19T07:30:00Z
UUPL01656,CCBP1050USR,LSN07,5,35,2021-08-20T11:30:00Z
UUPL01657,CCBP1050USR,LSN07,15,50,2021-08-21T09:30:00Z
UUPL01658,CCBP1050USR,LSN07,35,85,2021-08-22T05:30:00Z
UUPL01659,CCBP1004USR,LSN07,20,20,2021-07-10T04:30:00Z
UUPL01682,CCBP1004USR,LSN07,10,30,2021-07-11T12:30:00Z
UUPL01653,CCBP1004USR,LSN07,5,35,2021-07-12T07:30:00Z
UUPL01654,CCBP1004USR,LSN07,15,50,2021-07-13T11:30:00Z
UUPL01655,CCBP1004USR,LSN07,35,85,2021-07-14T09:30:00Z
UUPL01655,CCBP1011USR,LSN07,15,15,2021-09-23T07:30:00Z
UUPL01656,CCBP1011USR,LSN07,25,40,2021-09-24T11:30:00Z
UUPL01657,CCBP1011USR,LSN07,8,48,2021-09-25T09:30:00Z
UUPL01658,CCBP1011USR,LSN07,11,59,2021-09-26T05:30:00Z
UUPL01659,CCBP1011USR,LSN07,6,65,2021-09-27T06:30:00Z
UUPL01658,CCBP1012USR,LSN07,18,18,2021-08-04T04:30:00Z
UUPL01659,CCBP1012USR,LSN07,17,35,2021-08-05T12:30:00Z
UUPL01682,CCBP1012USR,LSN07,40,75,2021-08-06T07:30:00Z
UUPL01653,CCBP1012USR,LSN07,14,89,2021-08-07T11:30:00Z
UUPL01654,CCBP1012USR,LSN07,11,100,2021-08-08T09:30:00Z
UUPL01653,CCBP1031USR,LSN07,20,20,2021-07-10T05:30:00Z
UUPL01654,CCBP1031USR,LSN07,10,30,2021-07-11T06:30:00Z
UUPL01655,CCBP1031USR,LSN07,5,35,2021-07-12T04:30:00Z
UUPL01656,CCBP1031USR,LSN07,15,50,2021-07-13T12:30:00Z
UUPL01657,CCBP1031USR,LSN07,35,85,2021-07-14T07:30:00Z
UUPL01658,CCBP1020USR,LSN07,20,20,2021-07-10T09:30:00Z
UUPL01659,CCBP1020USR,LSN07,10,30,2021-07-11T05:30:00Z
UUPL01682,CCBP1020USR,LSN07,5,35,2021-07-12T06:30:00Z
UUPL01653,CCBP1020USR,LSN07,15,50,2021-07-13T04:30:00Z
UUPL01654,CCBP1020USR,LSN07,35,85,2021-07-14T12:30:00Z
UUPL01655,CCBP1037USR,LSN07,20,20,2021-07-10T11:30:00Z
UUPL01656,CCBP1037USR,LSN07,10,30,2021-07-11T09:30:00Z
UUPL01657,CCBP1037USR,LSN07,5,35,2021-07-12T05:30:00Z
UUPL01658,CCBP1037USR,LSN07,15,50,2021-07-13T06:30:00Z
UUPL01659,CCBP1037USR,LSN07,35,85,2021-07-14T04:30:00Z
UUPL01659,CCBP1044USR,LSN07,15,15,2021-09-23T05:30:00Z
UUPL01682,CCBP1044USR,LSN07,25,40,2021-09-24T06:30:00Z
UUPL01653,CCBP1044USR,LSN07,8,48,2021-09-25T04:30:00Z
UUPL01654,CCBP1044USR,LSN07,11,59,2021-09-26T12:30:00Z
UUPL01655,CCBP1044USR,LSN07,6,65,2021-09-27T07:30:00Z
UUPL00036,CCBP1002USR,LSN08,19,19,2021-08-09T05:30:00Z
UUPL00037,CCBP1002USR,LSN08,51,70,2021-08-09T06:30:00Z
UUPL00039,CCBP1002USR,LSN08,19,89,2021-08-12T12:30:00Z
UUPL00040,CCBP1002USR,LSN08,1,90,2021-08-13T07:30:00Z
UUPL00130,CCBP1005USR,LSN08,6,6,2021-07-15T11:30:00Z
UUPL00131,CCBP1005USR,LSN08,5,11,2021-07-16T09:30:00Z
UUPL00132,CCBP1005USR,LSN08,34,45,2021-07-17T05:30:00Z
UUPL00133,CCBP1005USR,LSN08,23,68,2021-07-18T06:30:00Z
UUPL00134,CCBP1005USR,LSN08,31,99,2021-07-19T04:30:00Z
UUPL01429,CCBP1010USR,LSN08,6,6,2021-09-10T07:30:00Z
UUPL01430,CCBP1010USR,LSN08,5,11,2021-09-11T11:30:00Z
UUPL01431,CCBP1010USR,LSN08,34,45,2021-09-12T09:30:00Z
UUPL01432,CCBP1010USR,LSN08,23,68,2021-09-13T05:30:00Z
UUPL01433,CCBP1010USR,LSN08,31,99,2021-09-14T06:30:00Z
UUPL01653,CCBP1015USR,LSN08,6,6,2021-07-15T12:30:00Z
UUPL01654,CCBP1015USR,LSN08,5,11,2021-07-16T07:30:00Z
UUPL01655,CCBP1015USR,LSN08,34,45,2021-07-17T11:30:00Z
UUPL01656,CCBP1015USR,LSN08,23,68,2021-07-18T09:30:00Z
UUPL01657,CCBP1015USR,LSN08,31,99,2021-07-19T05:30:00Z
UUPL01657,CCBP1019USR,LSN08,20,20,2021-09-28T11:30:00Z
UUPL01658,CCBP1019USR,LSN08,20,40,2021-09-29T09:30:00Z
UUPL01659,CCBP1019USR,LSN08,8,48,2021-09-30T05:30:00Z
UUPL01682,CCBP1019USR,LSN08,11,59,2021-10-01T06:30:00Z
UUPL01653,CCBP1019USR,LSN08,30,89,2021-10-02T04:30:00Z
UUPL01682,CCBP1017USR,LSN08,20,20,2021-10-25T12:30:00Z
UUPL01653,CCBP1017USR,LSN08,5,25,2021-10-26T07:30:00Z
UUPL01654,CCBP1017USR,LSN08,13,38,2021-10-27T11:30:00Z
UUPL01655,CCBP1017USR,LSN08,14,52,2021-10-28T09:30:00Z
UUPL01656,CCBP1017USR,LSN08,27,79,2021-10-29T05:30:00Z
UUPL01655,CCBP1022USR,LSN08,19,19,2021-08-09T06:30:00Z
UUPL01656,CCBP1022USR,LSN08,51,70,2021-08-10T04:30:00Z
UUPL01657,CCBP1022USR,LSN08,15,85,2021-08-11T12:30:00Z
UUPL01658,CCBP1022USR,LSN08,14,99,2021-08-12T07:30:00Z
UUPL01659,CCBP1022USR,LSN08,1,100,2021-08-13T11:30:00Z
UUPL01658,CCBP1025USR,LSN08,6,6,2021-07-15T09:30:00Z
UUPL01659,CCBP1025USR,LSN08,5,11,2021-07-16T05:30:00Z
UUPL01682,CCBP1025USR,LSN08,34,45,2021-07-17T06:30:00Z
UUPL01653,CCBP1025USR,LSN08,23,68,2021-07-18T04:30:00Z
UUPL01654,CCBP1025USR,LSN08,31,99,2021-07-19T12:30:00Z
UUPL01655,CCBP1030USR,LSN08,6,6,2021-08-15T11:30:00Z
UUPL01656,CCBP1030USR,LSN08,5,11,2021-08-16T09:30:00Z
UUPL01657,CCBP1030USR,LSN08,34,45,2021-08-17T05:30:00Z
UUPL01658,CCBP1030USR,LSN08,23,68,2021-08-18T06:30:00Z
UUPL01659,CCBP1030USR,LSN08,31,99,2021-08-19T04:30:00Z
UUPL01682,CCBP1035USR,LSN08,6,6,2021-07-15T07:30:00Z
UUPL01653,CCBP1035USR,LSN08,5,11,2021-07-16T11:30:00Z
UUPL01654,CCBP1035USR,LSN08,34,45,2021-07-17T09:30:00Z
UUPL01655,CCBP1035USR,LSN08,23,68,2021-07-18T05:30:00Z
UUPL01656,CCBP1035USR,LSN08,31,99,2021-07-19T06:30:00Z
UUPL01656,CCBP1039USR,LSN08,20,20,2021-09-28T09:30:00Z
UUPL01657,CCBP1039USR,LSN08,20,40,2021-09-29T05:30:00Z
UUPL01658,CCBP1039USR,LSN08,8,48,2021-09-30T06:30:00Z
UUPL01659,CCBP1039USR,LSN08,11,59,2021-10-01T04:30:00Z
UUPL01682,CCBP1039USR,LSN08,30,89,2021-10-02T12:30:00Z
UUPL01659,CCBP1042USR,LSN08,19,19,2021-08-09T07:30:00Z
UUPL01682,CCBP1042USR,LSN08,51,70,2021-08-10T11:30:00Z
UUPL01653,CCBP1042USR,LSN08,15,85,2021-08-11T09:30:00Z
UUPL01654,CCBP1042USR,LSN08,14,99,2021-08-12T05:30:00Z
UUPL01655,CCBP1042USR,LSN08,1,100,2021-08-13T06:30:00Z
UUPL01654,CCBP1045USR,LSN08,6,26,2021-08-15T04:30:00Z
UUPL01655,CCBP1045USR,LSN08,5,31,2021-08-16T12:30:00Z
UUPL01656,CCBP1045USR,LSN08,34,65,2021-08-17T07:30:00Z
UUPL01658,CCBP1045USR,LSN08,20,20,2021-07-19T09:30:00Z
UUPL01659,CCBP1050USR,LSN08,6,6,2021-08-23T06:30:00Z
UUPL01682,CCBP1050USR,LSN08,5,11,2021-08-24T04:30:00Z
UUPL01653,CCBP1050USR,LSN08,34,45,2021-08-25T12:30:00Z
UUPL01654,CCBP1050USR,LSN08,23,68,2021-08-26T07:30:00Z
UUPL01655,CCBP1050USR,LSN08,31,99,2021-08-27T11:30:00Z
UUPL01656,CCBP1004USR,LSN08,6,6,2021-07-15T05:30:00Z
UUPL01657,CCBP1004USR,LSN08,5,11,2021-07-16T06:30:00Z
UUPL01658,CCBP1004USR,LSN08,34,45,2021-07-17T04:30:00Z
UUPL01659,CCBP1004USR,LSN08,23,68,2021-07-18T12:30:00Z
UUPL01682,CCBP1004USR,LSN08,31,99,2021-07-19T07:30:00Z
UUPL01682,CCBP1011USR,LSN08,20,20,2021-11-29T04:30:00Z
UUPL01653,CCBP1011USR,LSN08,20,40,2021-11-30T12:30:00Z
UUPL01654,CCBP1011USR,LSN08,8,48,2021-12-01T07:30:00Z
UUPL01655,CCBP1011USR,LSN08,11,59,2021-12-02T11:30:00Z
UUPL01656,CCBP1011USR,LSN08,30,89,2021-12-03T09:30:00Z
UUPL01655,CCBP1012USR,LSN08,19,19,2021-08-09T05:30:00Z
UUPL01656,CCBP1012USR,LSN08,51,70,2021-08-10T06:30:00Z
UUPL01657,CCBP1012USR,LSN08,15,85,2021-08-11T04:30:00Z
UUPL01658,CCBP1012USR,LSN08,14,99,2021-08-12T12:30:00Z
UUPL01659,CCBP1012USR,LSN08,1,100,2021-08-13T07:30:00Z
UUPL01658,CCBP1031USR,LSN08,6,6,2021-07-15T11:30:00Z
UUPL01659,CCBP1031USR,LSN08,5,11,2021-07-16T09:30:00Z
UUPL01682,CCBP1031USR,LSN08,34,45,2021-07-17T05:30:00Z
UUPL01653,CCBP1031USR,LSN08,23,68,2021-07-18T06:30:00Z
UUPL01654,CCBP1031USR,LSN08,31,99,2021-07-19T04:30:00Z
UUPL01655,CCBP1020USR,LSN08,6,6,2021-07-15T07:30:00Z
UUPL01656,CCBP1020USR,LSN08,5,11,2021-07-16T11:30:00Z
UUPL01657,CCBP1020USR,LSN08,34,45,2021-07-17T09:30:00Z
UUPL01658,CCBP1020USR,LSN08,23,68,2021-07-18T05:30:00Z
UUPL01659,CCBP1020USR,LSN08,31,99,2021-07-19T06:30:00Z
UUPL01682,CCBP1037USR,LSN08,6,6,2021-07-15T12:30:00Z
UUPL01653,CCBP1037USR,LSN08,5,11,2021-07-16T07:30:00Z
UUPL01654,CCBP1037USR,LSN08,34,45,2021-07-17T11:30:00Z
UUPL01655,CCBP1037USR,LSN08,23,68,2021-07-18T09:30:00Z
UUPL01656,CCBP1037USR,LSN08,31,99,2021-07-19T05:30:00Z
UUPL01656,CCBP1044USR,LSN08,20,20,2021-09-28T11:30:00Z
UUPL01657,CCBP1044USR,LSN08,20,40,2021-09-29T09:30:00Z
UUPL01658,CCBP1044USR,LSN08,8,48,2021-09-30T05:30:00Z
UUPL01659,CCBP1044USR,LSN08,11,59,2021-10-01T06:30:00Z
UUPL01682,CCBP1044USR,LSN08,30,89,2021-10-02T04:30:00Z
UUPL00041,CCBP1002USR,LSN09,19,19,2021-08-14T11:30:00Z
UUPL00042,CCBP1002USR,LSN09,6,25,2021-08-15T09:30:00Z
UUPL00043,CCBP1002USR,LSN09,20,45,2021-08-16T05:30:00Z
UUPL00044,CCBP1002USR,LSN09,7,52,2021-08-17T06:30:00Z
UUPL00045,CCBP1002USR,LSN09,8,60,2021-08-18T04:30:00Z
UUPL00135,CCBP1005USR,LSN09,10,10,2021-07-20T12:30:00Z
UUPL00136,CCBP1005USR,LSN09,11,21,2021-07-21T07:30:00Z
UUPL00137,CCBP1005USR,LSN09,10,31,2021-07-22T11:30:00Z
UUPL00138,CCBP1005USR,LSN09,56,87,2021-07-23T09:30:00Z
UUPL00139,CCBP1005USR,LSN09,13,100,2021-07-24T05:30:00Z
UUPL01434,CCBP1010USR,LSN09,10,10,2021-07-20T04:30:00Z
UUPL01435,CCBP1010USR,LSN09,11,21,2021-07-21T12:30:00Z
UUPL01436,CCBP1010USR,LSN09,10,31,2021-07-22T07:30:00Z
UUPL01437,CCBP1010USR,LSN09,56,87,2021-07-23T11:30:00Z
UUPL01438,CCBP1010USR,LSN09,13,100,2021-07-24T09:30:00Z
UUPL01658,CCBP1015USR,LSN09,10,10,2021-07-20T06:30:00Z
UUPL01659,CCBP1015USR,LSN09,11,21,2021-07-21T04:30:00Z
UUPL01682,CCBP1015USR,LSN09,10,31,2021-07-22T12:30:00Z
UUPL01653,CCBP1015USR,LSN09,56,87,2021-07-23T07:30:00Z
UUPL01654,CCBP1015USR,LSN09,13,100,2021-07-24T11:30:00Z
UUPL01654,CCBP1019USR,LSN09,20,20,2021-10-03T12:30:00Z
UUPL01655,CCBP1019USR,LSN09,20,40,2021-10-04T07:30:00Z
UUPL01656,CCBP1019USR,LSN09,8,48,2021-10-05T11:30:00Z
UUPL01657,CCBP1019USR,LSN09,11,59,2021-10-06T09:30:00Z
UUPL01658,CCBP1019USR,LSN09,41,100,2021-10-07T05:30:00Z
UUPL01657,CCBP1017USR,LSN09,20,20,2021-09-08T06:30:00Z
UUPL01658,CCBP1017USR,LSN09,10,30,2021-09-09T04:30:00Z
UUPL01659,CCBP1017USR,LSN09,8,38,2021-09-10T12:30:00Z
UUPL01682,CCBP1017USR,LSN09,42,80,2021-09-11T07:30:00Z
UUPL01653,CCBP1017USR,LSN09,15,95,2021-09-12T11:30:00Z
UUPL01682,CCBP1022USR,LSN09,19,19,2021-08-14T09:30:00Z
UUPL01653,CCBP1022USR,LSN09,6,25,2021-08-15T05:30:00Z
UUPL01654,CCBP1022USR,LSN09,20,45,2021-08-16T06:30:00Z
UUPL01655,CCBP1022USR,LSN09,7,52,2021-08-17T04:30:00Z
UUPL01656,CCBP1022USR,LSN09,8,60,2021-08-18T12:30:00Z
UUPL01655,CCBP1025USR,LSN09,10,10,2021-07-20T07:30:00Z
UUPL01656,CCBP1025USR,LSN09,11,21,2021-07-21T11:30:00Z
UUPL01657,CCBP1025USR,LSN09,10,31,2021-07-22T09:30:00Z
UUPL01658,CCBP1025USR,LSN09,56,87,2021-07-23T05:30:00Z
UUPL01659,CCBP1025USR,LSN09,13,100,2021-07-24T06:30:00Z
UUPL01682,CCBP1030USR,LSN09,10,10,2021-07-20T12:30:00Z
UUPL01653,CCBP1030USR,LSN09,11,21,2021-07-21T07:30:00Z
UUPL01654,CCBP1030USR,LSN09,10,31,2021-07-22T11:30:00Z
UUPL01655,CCBP1030USR,LSN09,56,87,2021-07-23T09:30:00Z
UUPL01656,CCBP1030USR,LSN09,13,100,2021-07-24T05:30:00Z
UUPL01657,CCBP1035USR,LSN09,10,10,2021-07-20T04:30:00Z
UUPL01658,CCBP1035USR,LSN09,11,21,2021-07-21T12:30:00Z
UUPL01659,CCBP1035USR,LSN09,10,31,2021-07-22T07:30:00Z
UUPL01682,CCBP1035USR,LSN09,56,87,2021-07-23T11:30:00Z
UUPL01653,CCBP1035USR,LSN09,13,100,2021-07-24T09:30:00Z
UUPL01653,CCBP1039USR,LSN09,20,20,2021-10-03T07:30:00Z
UUPL01654,CCBP1039USR,LSN09,20,40,2021-10-04T11:30:00Z
UUPL01655,CCBP1039USR,LSN09,8,48,2021-10-05T09:30:00Z
UUPL01656,CCBP1039USR,LSN09,11,59,2021-10-06T05:30:00Z
UUPL01657,CCBP1039USR,LSN09,41,100,2021-10-07T06:30:00Z
UUPL01656,CCBP1042USR,LSN09,19,19,2021-08-14T04:30:00Z
UUPL01657,CCBP1042USR,LSN09,6,25,2021-08-15T12:30:00Z
UUPL01658,CCBP1042USR,LSN09,20,45,2021-08-16T07:30:00Z
UUPL01659,CCBP1042USR,LSN09,7,52,2021-08-17T11:30:00Z
UUPL01682,CCBP1042USR,LSN09,8,60,2021-08-18T09:30:00Z
UUPL01659,CCBP1045USR,LSN09,10,10,2021-07-20T05:30:00Z
UUPL01682,CCBP1045USR,LSN09,11,21,2021-07-21T06:30:00Z
UUPL01653,CCBP1045USR,LSN09,10,31,2021-07-22T04:30:00Z
UUPL01654,CCBP1045USR,LSN09,56,87,2021-07-23T12:30:00Z
UUPL01655,CCBP1045USR,LSN09,13,100,2021-07-24T07:30:00Z
UUPL01656,CCBP1050USR,LSN09,10,16,2021-08-28T09:30:00Z
UUPL01657,CCBP1050USR,LSN09,11,27,2021-08-29T05:30:00Z
UUPL01658,CCBP1050USR,LSN09,10,37,2021-08-30T06:30:00Z
UUPL01682,CCBP1050USR,LSN09,6,6,2021-07-24T12:30:00Z
UUPL01653,CCBP1004USR,LSN09,10,10,2021-07-20T11:30:00Z
UUPL01654,CCBP1004USR,LSN09,11,21,2021-07-21T09:30:00Z
UUPL01655,CCBP1004USR,LSN09,10,31,2021-07-22T05:30:00Z
UUPL01656,CCBP1004USR,LSN09,56,87,2021-07-23T06:30:00Z
UUPL01657,CCBP1004USR,LSN09,13,100,2021-07-24T04:30:00Z
UUPL01657,CCBP1011USR,LSN09,20,20,2021-10-03T05:30:00Z
UUPL01658,CCBP1011USR,LSN09,20,40,2021-10-04T06:30:00Z
UUPL01659,CCBP1011USR,LSN09,8,48,2021-10-05T04:30:00Z
UUPL01682,CCBP1011USR,LSN09,11,59,2021-10-06T12:30:00Z
UUPL01653,CCBP1011USR,LSN09,41,100,2021-10-07T07:30:00Z
UUPL01682,CCBP1012USR,LSN09,19,19,2021-08-14T11:30:00Z
UUPL01653,CCBP1012USR,LSN09,6,25,2021-08-15T09:30:00Z
UUPL01654,CCBP1012USR,LSN09,20,45,2021-08-16T05:30:00Z
UUPL01655,CCBP1012USR,LSN09,7,52,2021-08-17T06:30:00Z
UUPL01656,CCBP1012USR,LSN09,8,60,2021-08-18T04:30:00Z
UUPL01655,CCBP1031USR,LSN09,10,10,2021-07-20T12:30:00Z
UUPL01656,CCBP1031USR,LSN09,11,21,2021-07-21T07:30:00Z
UUPL01657,CCBP1031USR,LSN09,10,31,2021-07-22T11:30:00Z
UUPL01658,CCBP1031USR,LSN09,56,87,2021-07-23T09:30:00Z
UUPL01659,CCBP1031USR,LSN09,13,100,2021-07-24T05:30:00Z
UUPL01682,CCBP1020USR,LSN09,10,10,2021-07-20T04:30:00Z
UUPL01653,CCBP1020USR,LSN09,11,21,2021-07-21T12:30:00Z
UUPL01654,CCBP1020USR,LSN09,10,31,2021-07-22T07:30:00Z
UUPL01655,CCBP1020USR,LSN09,56,87,2021-07-23T11:30:00Z
UUPL01656,CCBP1020USR,LSN09,13,100,2021-07-24T09:30:00Z
UUPL01657,CCBP1037USR,LSN09,10,10,2021-07-20T06:30:00Z
UUPL01658,CCBP1037USR,LSN09,11,21,2021-07-21T04:30:00Z
UUPL01659,CCBP1037USR,LSN09,10,31,2021-07-22T12:30:00Z
UUPL01682,CCBP1037USR,LSN09,56,87,2021-07-23T07:30:00Z
UUPL01653,CCBP1037USR,LSN09,13,100,2021-07-24T11:30:00Z
UUPL01653,CCBP1044USR,LSN09,20,20,2021-10-03T12:30:00Z
UUPL01654,CCBP1044USR,LSN09,20,40,2021-10-04T07:30:00Z
UUPL01655,CCBP1044USR,LSN09,8,48,2021-10-05T11:30:00Z
UUPL01656,CCBP1044USR,LSN09,11,59,2021-10-06T09:30:00Z
UUPL01657,CCBP1044USR,LSN09,41,100,2021-10-07T05:30:00Z
UUPL00046,CCBP1002USR,LSN10,20,20,2021-08-19T12:30:00Z
UUPL00047,CCBP1002USR,LSN10,5,25,2021-08-20T07:30:00Z
UUPL00048,CCBP1002USR,LSN10,20,45,2021-08-21T11:30:00Z
UUPL00049,CCBP1002USR,LSN10,7,52,2021-08-22T09:30:00Z
UUPL00050,CCBP1002USR,LSN10,26,78,2021-08-23T05:30:00Z
UUPL00140,CCBP1005USR,LSN10,50,50,2021-07-25T06:30:00Z
UUPL00141,CCBP1005USR,LSN10,9,59,2021-07-26T04:30:00Z
UUPL00142,CCBP1005USR,LSN10,16,75,2021-07-27T12:30:00Z
UUPL00143,CCBP1005USR,LSN10,20,95,2021-07-28T07:30:00Z
UUPL00144,CCBP1005USR,LSN10,5,100,2021-07-29T11:30:00Z
UUPL01439,CCBP1010USR,LSN10,50,50,2021-07-25T05:30:00Z
UUPL01440,CCBP1010USR,LSN10,9,59,2021-07-26T06:30:00Z
UUPL01441,CCBP1010USR,LSN10,16,75,2021-07-27T04:30:00Z
UUPL01442,CCBP1010USR,LSN10,20,95,2021-07-28T12:30:00Z
UUPL01443,CCBP1010USR,LSN10,5,100,2021-07-29T07:30:00Z
UUPL01655,CCBP1015USR,LSN10,50,50,2021-07-25T09:30:00Z
UUPL01656,CCBP1015USR,LSN10,9,59,2021-07-26T05:30:00Z
UUPL01657,CCBP1015USR,LSN10,16,75,2021-07-27T06:30:00Z
UUPL01658,CCBP1015USR,LSN10,20,95,2021-07-28T04:30:00Z
UUPL01659,CCBP1015USR,LSN10,5,100,2021-07-29T12:30:00Z
UUPL01659,CCBP1019USR,LSN10,20,20,2021-10-08T06:30:00Z
UUPL01682,CCBP1019USR,LSN10,20,40,2021-10-09T04:30:00Z
UUPL01653,CCBP1019USR,LSN10,8,48,2021-10-10T12:30:00Z
UUPL01654,CCBP1019USR,LSN10,11,59,2021-10-11T07:30:00Z
UUPL01655,CCBP1019USR,LSN10,29,88,2021-10-12T11:30:00Z
UUPL01654,CCBP1017USR,LSN10,15,15,2021-09-13T09:30:00Z
UUPL01655,CCBP1017USR,LSN10,25,40,2021-09-14T05:30:00Z
UUPL01656,CCBP1017USR,LSN10,8,48,2021-09-15T06:30:00Z
UUPL01657,CCBP1017USR,LSN10,11,59,2021-09-16T04:30:00Z
UUPL01658,CCBP1017USR,LSN10,36,95,2021-09-17T12:30:00Z
UUPL01657,CCBP1022USR,LSN10,20,20,2021-08-19T07:30:00Z
UUPL01658,CCBP1022USR,LSN10,5,25,2021-08-20T11:30:00Z
UUPL01659,CCBP1022USR,LSN10,20,45,2021-08-21T09:30:00Z
UUPL01682,CCBP1022USR,LSN10,7,52,2021-08-22T05:30:00Z
UUPL01653,CCBP1022USR,LSN10,26,78,2021-08-23T06:30:00Z
UUPL01682,CCBP1025USR,LSN10,50,50,2021-07-25T04:30:00Z
UUPL01653,CCBP1025USR,LSN10,9,59,2021-07-26T12:30:00Z
UUPL01654,CCBP1025USR,LSN10,16,75,2021-07-27T07:30:00Z
UUPL01655,CCBP1025USR,LSN10,20,95,2021-07-28T11:30:00Z
UUPL01656,CCBP1025USR,LSN10,5,100,2021-07-29T09:30:00Z
UUPL01657,CCBP1030USR,LSN10,50,50,2021-07-25T06:30:00Z
UUPL01658,CCBP1030USR,LSN10,9,59,2021-07-26T04:30:00Z
UUPL01659,CCBP1030USR,LSN10,16,75,2021-07-27T12:30:00Z
UUPL01682,CCBP1030USR,LSN10,20,95,2021-07-28T07:30:00Z
UUPL01653,CCBP1030USR,LSN10,5,100,2021-07-29T11:30:00Z
UUPL01654,CCBP1035USR,LSN10,50,50,2021-07-25T05:30:00Z
UUPL01655,CCBP1035USR,LSN10,9,59,2021-07-26T06:30:00Z
UUPL01656,CCBP1035USR,LSN10,16,75,2021-07-27T04:30:00Z
UUPL01657,CCBP1035USR,LSN10,20,95,2021-07-28T12:30:00Z
UUPL01658,CCBP1035USR,LSN10,5,100,2021-07-29T07:30:00Z
UUPL01658,CCBP1039USR,LSN10,20,20,2021-10-08T04:30:00Z
UUPL01659,CCBP1039USR,LSN10,20,40,2021-10-09T12:30:00Z
UUPL01682,CCBP1039USR,LSN10,8,48,2021-10-10T07:30:00Z
UUPL01653,CCBP1039USR,LSN10,11,59,2021-10-11T11:30:00Z
UUPL01654,CCBP1039USR,LSN10,29,88,2021-10-12T09:30:00Z
UUPL01653,CCBP1042USR,LSN10,20,20,2021-08-19T05:30:00Z
UUPL01654,CCBP1042USR,LSN10,5,25,2021-08-20T06:30:00Z
UUPL01655,CCBP1042USR,LSN10,20,45,2021-08-21T04:30:00Z
UUPL01656,CCBP1042USR,LSN10,7,52,2021-08-22T12:30:00Z
UUPL01657,CCBP1042USR,LSN10,26,78,2021-08-23T07:30:00Z
UUPL01656,CCBP1045USR,LSN10,50,50,2021-07-25T11:30:00Z
UUPL01657,CCBP1045USR,LSN10,9,59,2021-07-26T09:30:00Z
UUPL01658,CCBP1045USR,LSN10,16,75,2021-07-27T05:30:00Z
UUPL01659,CCBP1045USR,LSN10,20,95,2021-07-28T06:30:00Z
UUPL01682,CCBP1045USR,LSN10,5,100,2021-07-29T04:30:00Z
UUPL01653,CCBP1050USR,LSN10,50,50,2021-07-25T07:30:00Z
UUPL01654,CCBP1050USR,LSN10,9,59,2021-07-26T11:30:00Z
UUPL01655,CCBP1050USR,LSN10,16,75,2021-07-27T09:30:00Z
UUPL01656,CCBP1050USR,LSN10,20,95,2021-07-28T05:30:00Z
UUPL01657,CCBP1050USR,LSN10,5,100,2021-07-29T06:30:00Z
UUPL01658,CCBP1004USR,LSN10,50,50,2021-07-25T12:30:00Z
UUPL01659,CCBP1004USR,LSN10,9,59,2021-07-26T07:30:00Z
UUPL01682,CCBP1004USR,LSN10,16,75,2021-07-27T11:30:00Z
UUPL01653,CCBP1004USR,LSN10,20,95,2021-07-28T09:30:00Z
UUPL01654,CCBP1004USR,LSN10,5,100,2021-07-29T05:30:00Z
UUPL01654,CCBP1011USR,LSN10,20,20,2021-10-08T11:30:00Z
UUPL01655,CCBP1011USR,LSN10,20,40,2021-10-09T09:30:00Z
UUPL01656,CCBP1011USR,LSN10,8,48,2021-10-10T05:30:00Z
UUPL01657,CCBP1011USR,LSN10,11,59,2021-10-11T06:30:00Z
UUPL01658,CCBP1011USR,LSN10,29,88,2021-10-12T04:30:00Z
UUPL01657,CCBP1012USR,LSN10,20,20,2021-08-19T12:30:00Z
UUPL01658,CCBP1012USR,LSN10,5,25,2021-08-20T07:30:00Z
UUPL01659,CCBP1012USR,LSN10,20,45,2021-08-21T11:30:00Z
UUPL01682,CCBP1012USR,LSN10,7,52,2021-08-22T09:30:00Z
UUPL01653,CCBP1012USR,LSN10,26,78,2021-08-23T05:30:00Z
UUPL01682,CCBP1031USR,LSN10,50,50,2021-07-25T06:30:00Z
UUPL01653,CCBP1031USR,LSN10,9,59,2021-07-26T04:30:00Z
UUPL01654,CCBP1031USR,LSN10,16,75,2021-07-27T12:30:00Z
UUPL01655,CCBP1031USR,LSN10,20,95,2021-07-28T07:30:00Z
UUPL01656,CCBP1031USR,LSN10,5,100,2021-07-29T11:30:00Z
UUPL01657,CCBP1020USR,LSN10,50,50,2021-07-25T05:30:00Z
UUPL01658,CCBP1020USR,LSN10,9,59,2021-07-26T06:30:00Z
UUPL01659,CCBP1020USR,LSN10,16,75,2021-07-27T04:30:00Z
UUPL01682,CCBP1020USR,LSN10,20,95,2021-07-28T12:30:00Z
UUPL01653,CCBP1020USR,LSN10,5,100,2021-07-29T07:30:00Z
UUPL01654,CCBP1037USR,LSN10,50,50,2021-07-25T09:30:00Z
UUPL01655,CCBP1037USR,LSN10,9,59,2021-07-26T05:30:00Z
UUPL01656,CCBP1037USR,LSN10,16,75,2021-07-27T06:30:00Z
UUPL01657,CCBP1037USR,LSN10,20,95,2021-07-28T04:30:00Z
UUPL01658,CCBP1037USR,LSN10,5,100,2021-07-29T12:30:00Z
UUPL01658,CCBP1044USR,LSN10,20,20,2021-10-08T06:30:00Z
UUPL01659,CCBP1044USR,LSN10,20,40,2021-10-09T04:30:00Z
UUPL01682,CCBP1044USR,LSN10,8,48,2021-10-10T12:30:00Z
UUPL01653,CCBP1044USR,LSN10,11,59,2021-10-11T07:30:00Z
UUPL01654,CCBP1044USR,LSN10,29,88,2021-10-12T11:30:00Z
UUPL00145,CCBP1006USR,LSN11,25,25,2021-07-30T09:30:00Z
UUPL00146,CCBP1006USR,LSN11,10,35,2021-07-31T05:30:00Z
UUPL00147,CCBP1006USR,LSN11,15,50,2021-08-01T06:30:00Z
UUPL00148,CCBP1006USR,LSN11,25,75,2021-08-02T04:30:00Z
UUPL00149,CCBP1006USR,LSN11,25,100,2021-08-03T12:30:00Z
UUPL01444,CCBP1011USR,LSN11,25,25,2021-07-30T11:30:00Z
UUPL01445,CCBP1011USR,LSN11,10,35,2021-07-31T09:30:00Z
UUPL01446,CCBP1011USR,LSN11,15,50,2021-08-01T05:30:00Z
UUPL01447,CCBP1011USR,LSN11,25,75,2021-08-02T06:30:00Z
UUPL01448,CCBP1011USR,LSN11,25,100,2021-08-03T04:30:00Z
UUPL01682,CCBP1016USR,LSN11,25,25,2021-07-30T07:30:00Z
UUPL01653,CCBP1016USR,LSN11,10,35,2021-07-31T11:30:00Z
UUPL01654,CCBP1016USR,LSN11,15,50,2021-08-01T09:30:00Z
UUPL01655,CCBP1016USR,LSN11,25,75,2021-08-02T05:30:00Z
UUPL01656,CCBP1016USR,LSN11,25,100,2021-08-03T06:30:00Z
UUPL01656,CCBP1020USR,LSN11,5,5,2021-07-05T09:30:00Z
UUPL01657,CCBP1020USR,LSN11,5,10,2021-07-06T05:30:00Z
UUPL01658,CCBP1020USR,LSN11,25,35,2021-07-07T06:30:00Z
UUPL01659,CCBP1020USR,LSN11,15,50,2021-07-08T04:30:00Z
UUPL01682,CCBP1020USR,LSN11,20,70,2021-07-09T12:30:00Z
UUPL01659,CCBP1018USR,LSN11,15,15,2021-09-18T07:30:00Z
UUPL01682,CCBP1018USR,LSN11,25,40,2021-09-19T11:30:00Z
UUPL01653,CCBP1018USR,LSN11,8,48,2021-09-20T09:30:00Z
UUPL01654,CCBP1018USR,LSN11,11,59,2021-09-21T05:30:00Z
UUPL01655,CCBP1018USR,LSN11,41,100,2021-09-22T06:30:00Z
UUPL01657,CCBP1026USR,LSN11,25,25,2021-07-30T05:30:00Z
UUPL01658,CCBP1026USR,LSN11,10,35,2021-07-31T06:30:00Z
UUPL01659,CCBP1026USR,LSN11,15,50,2021-08-01T04:30:00Z
UUPL01682,CCBP1026USR,LSN11,25,75,2021-08-02T12:30:00Z
UUPL01653,CCBP1026USR,LSN11,25,100,2021-08-03T07:30:00Z
UUPL01654,CCBP1031USR,LSN11,25,25,2021-07-30T09:30:00Z
UUPL01655,CCBP1031USR,LSN11,10,35,2021-07-31T05:30:00Z
UUPL01656,CCBP1031USR,LSN11,15,50,2021-08-01T06:30:00Z
UUPL01657,CCBP1031USR,LSN11,25,75,2021-08-02T04:30:00Z
UUPL01658,CCBP1031USR,LSN11,25,100,2021-08-03T12:30:00Z
UUPL01659,CCBP1036USR,LSN11,25,25,2021-07-30T11:30:00Z
UUPL01682,CCBP1036USR,LSN11,10,35,2021-07-31T09:30:00Z
UUPL01653,CCBP1036USR,LSN11,15,50,2021-08-01T05:30:00Z
UUPL01654,CCBP1036USR,LSN11,25,75,2021-08-02T06:30:00Z
UUPL01655,CCBP1036USR,LSN11,25,100,2021-08-03T04:30:00Z
UUPL01655,CCBP1040USR,LSN11,5,5,2021-07-05T05:30:00Z
UUPL01656,CCBP1040USR,LSN11,5,10,2021-07-06T06:30:00Z
UUPL01657,CCBP1040USR,LSN11,25,35,2021-07-07T04:30:00Z
UUPL01658,CCBP1040USR,LSN11,15,50,2021-07-08T12:30:00Z
UUPL01659,CCBP1040USR,LSN11,20,70,2021-07-09T07:30:00Z
UUPL01653,CCBP1046USR,LSN11,25,25,2021-07-30T12:30:00Z
UUPL01654,CCBP1046USR,LSN11,10,35,2021-07-31T07:30:00Z
UUPL01655,CCBP1046USR,LSN11,15,50,2021-08-01T11:30:00Z
UUPL01656,CCBP1046USR,LSN11,25,75,2021-08-02T09:30:00Z
UUPL01657,CCBP1046USR,LSN11,25,100,2021-08-03T05:30:00Z
UUPL01658,CCBP1001USR,LSN11,25,25,2021-07-30T04:30:00Z
UUPL01659,CCBP1001USR,LSN11,10,35,2021-07-31T12:30:00Z
UUPL01682,CCBP1001USR,LSN11,15,50,2021-08-01T07:30:00Z
UUPL01653,CCBP1001USR,LSN11,25,75,2021-08-02T11:30:00Z
UUPL01654,CCBP1001USR,LSN11,25,100,2021-08-03T09:30:00Z
UUPL01655,CCBP1009USR,LSN11,25,25,2021-07-30T06:30:00Z
UUPL01656,CCBP1009USR,LSN11,10,35,2021-07-31T04:30:00Z
UUPL01657,CCBP1009USR,LSN11,15,50,2021-08-01T12:30:00Z
UUPL01658,CCBP1009USR,LSN11,25,75,2021-08-02T07:30:00Z
UUPL01659,CCBP1009USR,LSN11,25,100,2021-08-03T11:30:00Z
UUPL01659,CCBP1013USR,LSN11,5,5,2021-07-05T12:30:00Z
UUPL01682,CCBP1013USR,LSN11,5,10,2021-07-06T07:30:00Z
UUPL01653,CCBP1013USR,LSN11,25,35,2021-07-07T11:30:00Z
UUPL01654,CCBP1013USR,LSN11,15,50,2021-07-08T09:30:00Z
UUPL01655,CCBP1013USR,LSN11,20,70,2021-07-09T05:30:00Z
UUPL01657,CCBP1030USR,LSN11,25,25,2021-07-30T09:30:00Z
UUPL01658,CCBP1030USR,LSN11,10,35,2021-07-31T05:30:00Z
UUPL01659,CCBP1030USR,LSN11,15,50,2021-08-01T06:30:00Z
UUPL01682,CCBP1030USR,LSN11,25,75,2021-08-02T04:30:00Z
UUPL01653,CCBP1030USR,LSN11,25,100,2021-08-03T12:30:00Z
UUPL01654,CCBP1033USR,LSN11,25,25,2021-07-30T11:30:00Z
UUPL01655,CCBP1033USR,LSN11,10,35,2021-07-31T09:30:00Z
UUPL01656,CCBP1033USR,LSN11,15,50,2021-08-01T05:30:00Z
UUPL01657,CCBP1033USR,LSN11,25,75,2021-08-02T06:30:00Z
UUPL01658,CCBP1033USR,LSN11,25,100,2021-08-03T04:30:00Z
UUPL01659,CCBP1038USR,LSN11,25,25,2021-07-30T07:30:00Z
UUPL01682,CCBP1038USR,LSN11,10,35,2021-07-31T11:30:00Z
UUPL01653,CCBP1038USR,LSN11,15,50,2021-08-01T09:30:00Z
UUPL01654,CCBP1038USR,LSN11,25,75,2021-08-02T05:30:00Z
UUPL01655,CCBP1038USR,LSN11,25,100,2021-08-03T06:30:00Z
UUPL01655,CCBP1045USR,LSN11,5,5,2021-09-11T09:30:00Z
UUPL01656,CCBP1045USR,LSN11,5,10,2021-09-12T05:30:00Z
UUPL01657,CCBP1045USR,LSN11,25,35,2021-09-13T06:30:00Z
UUPL01658,CCBP1045USR,LSN11,15,50,2021-09-14T04:30:00Z
UUPL01659,CCBP1045USR,LSN11,20,70,2021-09-15T12:30:00Z
UUPL00150,CCBP1006USR,LSN12,18,18,2021-08-04T07:30:00Z
UUPL00151,CCBP1006USR,LSN12,17,35,2021-08-05T11:30:00Z
UUPL00152,CCBP1006USR,LSN12,40,75,2021-08-06T09:30:00Z
UUPL00153,CCBP1006USR,LSN12,14,89,2021-08-07T05:30:00Z
UUPL00154,CCBP1006USR,LSN12,11,100,2021-08-08T06:30:00Z
UUPL01449,CCBP1011USR,LSN12,18,18,2021-08-04T12:30:00Z
UUPL01458,CCBP1011USR,LSN12,17,35,2021-08-05T07:30:00Z
UUPL01459,CCBP1011USR,LSN12,40,75,2021-08-06T11:30:00Z
UUPL01460,CCBP1011USR,LSN12,14,89,2021-08-07T09:30:00Z
UUPL01461,CCBP1011USR,LSN12,11,100,2021-08-08T05:30:00Z
UUPL01657,CCBP1016USR,LSN12,18,18,2021-08-04T04:30:00Z
UUPL01658,CCBP1016USR,LSN12,17,35,2021-08-05T12:30:00Z
UUPL01659,CCBP1016USR,LSN12,40,75,2021-08-06T07:30:00Z
UUPL01682,CCBP1016USR,LSN12,14,89,2021-08-07T11:30:00Z
UUPL01653,CCBP1016USR,LSN12,11,100,2021-08-08T09:30:00Z
UUPL01653,CCBP1020USR,LSN12,20,20,2021-07-10T07:30:00Z
UUPL01654,CCBP1020USR,LSN12,10,30,2021-07-11T11:30:00Z
UUPL01655,CCBP1020USR,LSN12,5,35,2021-07-12T09:30:00Z
UUPL01656,CCBP1020USR,LSN12,15,50,2021-07-13T05:30:00Z
UUPL01657,CCBP1020USR,LSN12,35,85,2021-07-14T06:30:00Z
UUPL01656,CCBP1018USR,LSN12,15,15,2021-09-23T04:30:00Z
UUPL01657,CCBP1018USR,LSN12,25,40,2021-09-24T12:30:00Z
UUPL01658,CCBP1018USR,LSN12,8,48,2021-09-25T07:30:00Z
UUPL01659,CCBP1018USR,LSN12,11,59,2021-09-26T11:30:00Z
UUPL01682,CCBP1018USR,LSN12,6,65,2021-09-27T09:30:00Z
UUPL01654,CCBP1026USR,LSN12,18,18,2021-08-04T11:30:00Z
UUPL01655,CCBP1026USR,LSN12,17,35,2021-08-05T09:30:00Z
UUPL01656,CCBP1026USR,LSN12,40,75,2021-08-06T05:30:00Z
UUPL01657,CCBP1026USR,LSN12,14,89,2021-08-07T06:30:00Z
UUPL01658,CCBP1026USR,LSN12,11,100,2021-08-08T04:30:00Z
UUPL01659,CCBP1031USR,LSN12,18,18,2021-08-04T07:30:00Z
UUPL01682,CCBP1031USR,LSN12,17,35,2021-08-05T11:30:00Z
UUPL01653,CCBP1031USR,LSN12,40,75,2021-08-06T09:30:00Z
UUPL01654,CCBP1031USR,LSN12,14,89,2021-08-07T05:30:00Z
UUPL01655,CCBP1031USR,LSN12,11,100,2021-08-08T06:30:00Z
UUPL01656,CCBP1036USR,LSN12,18,18,2021-08-04T12:30:00Z
UUPL01657,CCBP1036USR,LSN12,17,35,2021-08-05T07:30:00Z
UUPL01658,CCBP1036USR,LSN12,40,75,2021-08-06T11:30:00Z
UUPL01659,CCBP1036USR,LSN12,14,89,2021-08-07T09:30:00Z
UUPL01682,CCBP1036USR,LSN12,11,100,2021-08-08T05:30:00Z
UUPL01682,CCBP1040USR,LSN12,20,20,2021-07-10T11:30:00Z
UUPL01653,CCBP1040USR,LSN12,10,30,2021-07-11T09:30:00Z
UUPL01654,CCBP1040USR,LSN12,5,35,2021-07-12T05:30:00Z
UUPL01655,CCBP1040USR,LSN12,15,50,2021-07-13T06:30:00Z
UUPL01656,CCBP1040USR,LSN12,35,85,2021-07-14T04:30:00Z
UUPL01658,CCBP1046USR,LSN12,18,18,2021-08-04T06:30:00Z
UUPL01659,CCBP1046USR,LSN12,17,35,2021-08-05T04:30:00Z
UUPL01682,CCBP1046USR,LSN12,40,75,2021-08-06T12:30:00Z
UUPL01653,CCBP1046USR,LSN12,14,89,2021-08-07T07:30:00Z
UUPL01654,CCBP1046USR,LSN12,11,100,2021-08-08T11:30:00Z
UUPL01655,CCBP1001USR,LSN12,18,18,2021-08-04T05:30:00Z
UUPL01656,CCBP1001USR,LSN12,17,35,2021-08-05T06:30:00Z
UUPL01657,CCBP1001USR,LSN12,40,75,2021-08-06T04:30:00Z
UUPL01658,CCBP1001USR,LSN12,14,89,2021-08-07T12:30:00Z
UUPL01659,CCBP1001USR,LSN12,11,100,2021-08-08T07:30:00Z
UUPL01682,CCBP1009USR,LSN12,18,18,2021-08-04T09:30:00Z
UUPL01653,CCBP1009USR,LSN12,17,35,2021-08-05T05:30:00Z
UUPL01654,CCBP1009USR,LSN12,40,75,2021-08-06T06:30:00Z
UUPL01655,CCBP1009USR,LSN12,14,89,2021-08-07T04:30:00Z
UUPL01656,CCBP1009USR,LSN12,11,100,2021-08-08T12:30:00Z
UUPL01656,CCBP1013USR,LSN12,20,20,2021-07-10T06:30:00Z
UUPL01657,CCBP1013USR,LSN12,10,30,2021-07-11T04:30:00Z
UUPL01658,CCBP1013USR,LSN12,5,35,2021-07-12T12:30:00Z
UUPL01659,CCBP1013USR,LSN12,15,50,2021-07-13T07:30:00Z
UUPL01682,CCBP1013USR,LSN12,35,85,2021-07-14T11:30:00Z
UUPL01654,CCBP1030USR,LSN12,18,18,2021-08-04T07:30:00Z
UUPL01655,CCBP1030USR,LSN12,17,35,2021-08-05T11:30:00Z
UUPL01656,CCBP1030USR,LSN12,40,75,2021-08-06T09:30:00Z
UUPL01657,CCBP1030USR,LSN12,14,89,2021-08-07T05:30:00Z
UUPL01658,CCBP1030USR,LSN12,11,100,2021-08-08T06:30:00Z
UUPL01659,CCBP1033USR,LSN12,18,18,2021-08-04T12:30:00Z
UUPL01682,CCBP1033USR,LSN12,17,35,2021-08-05T07:30:00Z
UUPL01653,CCBP1033USR,LSN12,40,75,2021-08-06T11:30:00Z
UUPL01654,CCBP1033USR,LSN12,14,89,2021-08-07T09:30:00Z
UUPL01655,CCBP1033USR,LSN12,11,100,2021-08-08T05:30:00Z
UUPL01656,CCBP1038USR,LSN12,18,18,2021-08-04T04:30:00Z
UUPL01657,CCBP1038USR,LSN12,17,35,2021-08-05T12:30:00Z
UUPL01658,CCBP1038USR,LSN12,40,75,2021-08-06T07:30:00Z
UUPL01659,CCBP1038USR,LSN12,14,89,2021-08-07T11:30:00Z
UUPL01682,CCBP1038USR,LSN12,11,100,2021-08-08T09:30:00Z
UUPL01682,CCBP1045USR,LSN12,20,20,2021-09-16T07:30:00Z
UUPL01653,CCBP1045USR,LSN12,10,30,2021-09-17T11:30:00Z
UUPL01654,CCBP1045USR,LSN12,5,35,2021-09-18T09:30:00Z
UUPL01655,CCBP1045USR,LSN12,15,50,2021-09-19T05:30:00Z
UUPL01656,CCBP1045USR,LSN12,35,85,2021-09-20T06:30:00Z
UUPL00155,CCBP1006USR,LSN13,19,19,2021-08-09T04:30:00Z
UUPL00156,CCBP1006USR,LSN13,51,70,2021-08-10T12:30:00Z
UUPL00157,CCBP1006USR,LSN13,15,85,2021-08-11T07:30:00Z
UUPL00158,CCBP1006USR,LSN13,14,99,2021-08-12T11:30:00Z
UUPL00163,CCBP1006USR,LSN13,1,100,2021-08-13T09:30:00Z
UUPL01462,CCBP1011USR,LSN13,19,19,2021-09-15T06:30:00Z
UUPL01463,CCBP1011USR,LSN13,51,70,2021-09-16T04:30:00Z
UUPL01464,CCBP1011USR,LSN13,15,85,2021-09-17T12:30:00Z
UUPL01465,CCBP1011USR,LSN13,14,99,2021-09-18T07:30:00Z
UUPL01466,CCBP1011USR,LSN13,1,100,2021-09-19T11:30:00Z
UUPL01654,CCBP1016USR,LSN13,19,19,2021-08-09T05:30:00Z
UUPL01655,CCBP1016USR,LSN13,51,70,2021-08-10T06:30:00Z
UUPL01656,CCBP1016USR,LSN13,15,85,2021-08-11T04:30:00Z
UUPL01657,CCBP1016USR,LSN13,14,99,2021-08-12T12:30:00Z
UUPL01658,CCBP1016USR,LSN13,1,100,2021-08-13T07:30:00Z
UUPL01658,CCBP1020USR,LSN13,6,6,2021-07-15T04:30:00Z
UUPL01659,CCBP1020USR,LSN13,5,11,2021-07-16T12:30:00Z
UUPL01682,CCBP1020USR,LSN13,34,45,2021-07-17T07:30:00Z
UUPL01653,CCBP1020USR,LSN13,23,68,2021-07-18T11:30:00Z
UUPL01654,CCBP1020USR,LSN13,31,99,2021-07-19T09:30:00Z
UUPL01653,CCBP1018USR,LSN13,20,20,2021-09-28T05:30:00Z
UUPL01654,CCBP1018USR,LSN13,20,40,2021-09-29T06:30:00Z
UUPL01655,CCBP1018USR,LSN13,8,48,2021-09-30T04:30:00Z
UUPL01656,CCBP1018USR,LSN13,11,59,2021-10-01T12:30:00Z
UUPL01657,CCBP1018USR,LSN13,30,89,2021-10-02T07:30:00Z
UUPL01659,CCBP1026USR,LSN13,19,19,2021-08-09T12:30:00Z
UUPL01682,CCBP1026USR,LSN13,51,70,2021-08-10T07:30:00Z
UUPL01653,CCBP1026USR,LSN13,15,85,2021-08-11T11:30:00Z
UUPL01654,CCBP1026USR,LSN13,14,99,2021-08-12T09:30:00Z
UUPL01655,CCBP1026USR,LSN13,1,100,2021-08-13T05:30:00Z
UUPL01656,CCBP1031USR,LSN13,19,19,2021-08-09T04:30:00Z
UUPL01657,CCBP1031USR,LSN13,51,70,2021-08-10T12:30:00Z
UUPL01658,CCBP1031USR,LSN13,15,85,2021-08-11T07:30:00Z
UUPL01659,CCBP1031USR,LSN13,14,99,2021-08-12T11:30:00Z
UUPL01682,CCBP1031USR,LSN13,1,100,2021-08-13T09:30:00Z
UUPL01653,CCBP1036USR,LSN13,19,19,2021-08-09T06:30:00Z
UUPL01654,CCBP1036USR,LSN13,51,70,2021-08-10T04:30:00Z
UUPL01655,CCBP1036USR,LSN13,15,85,2021-08-11T12:30:00Z
UUPL01656,CCBP1036USR,LSN13,14,99,2021-08-12T07:30:00Z
UUPL01657,CCBP1036USR,LSN13,1,100,2021-08-13T11:30:00Z
UUPL01657,CCBP1040USR,LSN13,6,6,2021-07-15T12:30:00Z
UUPL01658,CCBP1040USR,LSN13,5,11,2021-07-16T07:30:00Z
UUPL01659,CCBP1040USR,LSN13,34,45,2021-07-17T11:30:00Z
UUPL01682,CCBP1040USR,LSN13,23,68,2021-07-18T09:30:00Z
UUPL01653,CCBP1040USR,LSN13,31,99,2021-07-19T05:30:00Z
UUPL01655,CCBP1046USR,LSN13,19,19,2021-08-09T09:30:00Z
UUPL01656,CCBP1046USR,LSN13,51,70,2021-08-10T05:30:00Z
UUPL01657,CCBP1046USR,LSN13,15,85,2021-08-11T06:30:00Z
UUPL01658,CCBP1046USR,LSN13,14,99,2021-08-12T04:30:00Z
UUPL01659,CCBP1046USR,LSN13,1,100,2021-08-13T12:30:00Z
UUPL01682,CCBP1001USR,LSN13,19,19,2021-08-09T11:30:00Z
UUPL01653,CCBP1001USR,LSN13,51,70,2021-08-10T09:30:00Z
UUPL01654,CCBP1001USR,LSN13,15,85,2021-08-11T05:30:00Z
UUPL01655,CCBP1001USR,LSN13,14,99,2021-08-12T06:30:00Z
UUPL01656,CCBP1001USR,LSN13,1,100,2021-08-13T04:30:00Z
UUPL01657,CCBP1009USR,LSN13,19,19,2021-08-09T07:30:00Z
UUPL01658,CCBP1009USR,LSN13,51,70,2021-08-10T11:30:00Z
UUPL01659,CCBP1009USR,LSN13,15,85,2021-08-11T09:30:00Z
UUPL01682,CCBP1009USR,LSN13,14,99,2021-08-12T05:30:00Z
UUPL01653,CCBP1009USR,LSN13,1,100,2021-08-13T06:30:00Z
UUPL01653,CCBP1013USR,LSN13,6,6,2021-12-04T09:30:00Z
UUPL01654,CCBP1013USR,LSN13,5,11,2021-12-05T05:30:00Z
UUPL01655,CCBP1013USR,LSN13,34,45,2021-12-06T06:30:00Z
UUPL01656,CCBP1013USR,LSN13,23,68,2021-12-07T04:30:00Z
UUPL01657,CCBP1013USR,LSN13,31,99,2021-12-08T12:30:00Z
UUPL01659,CCBP1030USR,LSN13,19,19,2021-08-09T04:30:00Z
UUPL01682,CCBP1030USR,LSN13,51,70,2021-08-10T12:30:00Z
UUPL01653,CCBP1030USR,LSN13,15,85,2021-08-11T07:30:00Z
UUPL01654,CCBP1030USR,LSN13,14,99,2021-08-12T11:30:00Z
UUPL01655,CCBP1030USR,LSN13,1,100,2021-08-13T09:30:00Z
UUPL01656,CCBP1033USR,LSN13,19,19,2021-08-09T06:30:00Z
UUPL01657,CCBP1033USR,LSN13,51,70,2021-08-10T04:30:00Z
UUPL01658,CCBP1033USR,LSN13,15,85,2021-08-11T12:30:00Z
UUPL01659,CCBP1033USR,LSN13,14,99,2021-08-12T07:30:00Z
UUPL01682,CCBP1033USR,LSN13,1,100,2021-08-13T11:30:00Z
UUPL01653,CCBP1038USR,LSN13,19,19,2021-08-09T05:30:00Z
UUPL01654,CCBP1038USR,LSN13,51,70,2021-08-10T06:30:00Z
UUPL01655,CCBP1038USR,LSN13,15,85,2021-08-11T04:30:00Z
UUPL01656,CCBP1038USR,LSN13,14,99,2021-08-12T12:30:00Z
UUPL01657,CCBP1038USR,LSN13,1,100,2021-08-13T07:30:00Z
UUPL01657,CCBP1045USR,LSN13,6,12,2021-09-21T04:30:00Z
UUPL01658,CCBP1045USR,LSN13,5,17,2021-09-22T12:30:00Z
UUPL01659,CCBP1045USR,LSN13,34,51,2021-09-23T07:30:00Z
UUPL01653,CCBP1045USR,LSN13,6,6,2021-07-19T09:30:00Z
UUPL00164,CCBP1006USR,LSN14,19,19,2021-08-14T05:30:00Z
UUPL00165,CCBP1006USR,LSN14,6,25,2021-08-15T06:30:00Z
UUPL00166,CCBP1006USR,LSN14,20,45,2021-08-16T04:30:00Z
UUPL00167,CCBP1006USR,LSN14,7,52,2021-08-17T12:30:00Z
UUPL00168,CCBP1006USR,LSN14,8,60,2021-08-18T07:30:00Z
UUPL01467,CCBP1011USR,LSN14,19,19,2021-08-14T09:30:00Z
UUPL01468,CCBP1011USR,LSN14,6,25,2021-08-15T05:30:00Z
UUPL01469,CCBP1011USR,LSN14,20,45,2021-08-16T06:30:00Z
UUPL01470,CCBP1011USR,LSN14,7,52,2021-08-17T04:30:00Z
UUPL01471,CCBP1011USR,LSN14,8,60,2021-08-18T12:30:00Z
UUPL01659,CCBP1016USR,LSN14,19,19,2021-08-14T11:30:00Z
UUPL01682,CCBP1016USR,LSN14,6,25,2021-08-15T09:30:00Z
UUPL01653,CCBP1016USR,LSN14,20,45,2021-08-16T05:30:00Z
UUPL01654,CCBP1016USR,LSN14,7,52,2021-08-17T06:30:00Z
UUPL01655,CCBP1016USR,LSN14,8,60,2021-08-18T04:30:00Z
UUPL01655,CCBP1020USR,LSN14,10,10,2021-07-20T05:30:00Z
UUPL01656,CCBP1020USR,LSN14,11,21,2021-07-21T06:30:00Z
UUPL01657,CCBP1020USR,LSN14,10,31,2021-07-22T04:30:00Z
UUPL01658,CCBP1020USR,LSN14,56,87,2021-07-23T12:30:00Z
UUPL01659,CCBP1020USR,LSN14,13,100,2021-07-24T07:30:00Z
UUPL01658,CCBP1018USR,LSN14,20,20,2021-10-03T11:30:00Z
UUPL01659,CCBP1018USR,LSN14,20,40,2021-10-04T09:30:00Z
UUPL01682,CCBP1018USR,LSN14,8,48,2021-10-05T05:30:00Z
UUPL01653,CCBP1018USR,LSN14,11,59,2021-10-06T06:30:00Z
UUPL01654,CCBP1018USR,LSN14,41,100,2021-10-07T04:30:00Z
UUPL01656,CCBP1026USR,LSN14,19,19,2021-08-14T06:30:00Z
UUPL01657,CCBP1026USR,LSN14,6,25,2021-08-15T04:30:00Z
UUPL01658,CCBP1026USR,LSN14,20,45,2021-08-16T12:30:00Z
UUPL01659,CCBP1026USR,LSN14,7,52,2021-08-17T07:30:00Z
UUPL01682,CCBP1026USR,LSN14,8,60,2021-08-18T11:30:00Z
UUPL01653,CCBP1031USR,LSN14,19,19,2021-08-14T05:30:00Z
UUPL01654,CCBP1031USR,LSN14,6,25,2021-08-15T06:30:00Z
UUPL01655,CCBP1031USR,LSN14,20,45,2021-08-16T04:30:00Z
UUPL01656,CCBP1031USR,LSN14,7,52,2021-08-17T12:30:00Z
UUPL01657,CCBP1031USR,LSN14,8,60,2021-08-18T07:30:00Z
UUPL01658,CCBP1036USR,LSN14,19,19,2021-08-14T09:30:00Z
UUPL01659,CCBP1036USR,LSN14,6,25,2021-08-15T05:30:00Z
UUPL01682,CCBP1036USR,LSN14,20,45,2021-08-16T06:30:00Z
UUPL01653,CCBP1036USR,LSN14,7,52,2021-08-17T04:30:00Z
UUPL01654,CCBP1036USR,LSN14,8,60,2021-08-18T12:30:00Z
UUPL01654,CCBP1040USR,LSN14,10,10,2021-07-20T06:30:00Z
UUPL01655,CCBP1040USR,LSN14,11,21,2021-07-21T04:30:00Z
UUPL01656,CCBP1040USR,LSN14,10,31,2021-07-22T12:30:00Z
UUPL01657,CCBP1040USR,LSN14,56,87,2021-07-23T07:30:00Z
UUPL01658,CCBP1040USR,LSN14,13,100,2021-07-24T11:30:00Z
UUPL01682,CCBP1046USR,LSN14,19,19,2021-08-14T07:30:00Z
UUPL01653,CCBP1046USR,LSN14,6,25,2021-08-15T11:30:00Z
UUPL01654,CCBP1046USR,LSN14,20,45,2021-08-16T09:30:00Z
UUPL01655,CCBP1046USR,LSN14,7,52,2021-08-17T05:30:00Z
UUPL01656,CCBP1046USR,LSN14,8,60,2021-08-18T06:30:00Z
UUPL01657,CCBP1001USR,LSN14,19,19,2021-08-14T12:30:00Z
UUPL01658,CCBP1001USR,LSN14,6,25,2021-08-15T07:30:00Z
UUPL01659,CCBP1001USR,LSN14,20,45,2021-08-16T11:30:00Z
UUPL01682,CCBP1001USR,LSN14,7,52,2021-08-17T09:30:00Z
UUPL01653,CCBP1001USR,LSN14,8,60,2021-08-18T05:30:00Z
UUPL01654,CCBP1009USR,LSN14,19,19,2021-08-14T04:30:00Z
UUPL01655,CCBP1009USR,LSN14,6,25,2021-08-15T12:30:00Z
UUPL01656,CCBP1009USR,LSN14,20,45,2021-08-16T07:30:00Z
UUPL01657,CCBP1009USR,LSN14,7,52,2021-08-17T11:30:00Z
UUPL01658,CCBP1009USR,LSN14,8,60,2021-08-18T09:30:00Z
UUPL01658,CCBP1013USR,LSN14,10,10,2021-07-20T07:30:00Z
UUPL01659,CCBP1013USR,LSN14,11,21,2021-07-21T11:30:00Z
UUPL01682,CCBP1013USR,LSN14,10,31,2021-07-22T09:30:00Z
UUPL01653,CCBP1013USR,LSN14,56,87,2021-07-23T05:30:00Z
UUPL01654,CCBP1013USR,LSN14,13,100,2021-07-24T06:30:00Z
UUPL01656,CCBP1030USR,LSN14,19,19,2021-08-14T05:30:00Z
UUPL01657,CCBP1030USR,LSN14,6,25,2021-08-15T06:30:00Z
UUPL01658,CCBP1030USR,LSN14,20,45,2021-08-16T04:30:00Z
UUPL01659,CCBP1030USR,LSN14,7,52,2021-08-17T12:30:00Z
UUPL01682,CCBP1030USR,LSN14,8,60,2021-08-18T07:30:00Z
UUPL01653,CCBP1033USR,LSN14,19,19,2021-08-14T09:30:00Z
UUPL01654,CCBP1033USR,LSN14,6,25,2021-08-15T05:30:00Z
UUPL01655,CCBP1033USR,LSN14,20,45,2021-08-16T06:30:00Z
UUPL01656,CCBP1033USR,LSN14,7,52,2021-08-17T04:30:00Z
UUPL01657,CCBP1033USR,LSN14,8,60,2021-08-18T12:30:00Z
UUPL01658,CCBP1038USR,LSN14,19,19,2021-08-14T11:30:00Z
UUPL01659,CCBP1038USR,LSN14,6,25,2021-08-15T09:30:00Z
UUPL01682,CCBP1038USR,LSN14,20,45,2021-08-16T05:30:00Z
UUPL01653,CCBP1038USR,LSN14,7,52,2021-08-17T06:30:00Z
UUPL01654,CCBP1038USR,LSN14,8,60,2021-08-18T04:30:00Z
UUPL01654,CCBP1045USR,LSN14,10,10,2021-07-20T05:30:00Z
UUPL01655,CCBP1045USR,LSN14,11,21,2021-07-21T06:30:00Z
UUPL01656,CCBP1045USR,LSN14,10,31,2021-07-22T04:30:00Z
UUPL01657,CCBP1045USR,LSN14,56,87,2021-07-23T12:30:00Z
UUPL01658,CCBP1045USR,LSN14,13,100,2021-07-24T07:30:00Z
UUPL00169,CCBP1006USR,LSN15,20,20,2021-08-19T11:30:00Z
UUPL00170,CCBP1006USR,LSN15,5,25,2021-08-20T09:30:00Z
UUPL00171,CCBP1006USR,LSN15,20,45,2021-08-21T05:30:00Z
UUPL00172,CCBP1006USR,LSN15,7,52,2021-08-22T06:30:00Z
UUPL00173,CCBP1006USR,LSN15,26,78,2021-08-23T04:30:00Z
UUPL01472,CCBP1011USR,LSN15,20,20,2021-08-19T07:30:00Z
UUPL01506,CCBP1011USR,LSN15,5,25,2021-08-20T11:30:00Z
UUPL01507,CCBP1011USR,LSN15,20,45,2021-08-21T09:30:00Z
UUPL01508,CCBP1011USR,LSN15,7,52,2021-08-22T05:30:00Z
UUPL01509,CCBP1011USR,LSN15,26,78,2021-08-23T06:30:00Z
UUPL01656,CCBP1016USR,LSN15,20,20,2021-08-19T12:30:00Z
UUPL01657,CCBP1016USR,LSN15,5,25,2021-08-20T07:30:00Z
UUPL01658,CCBP1016USR,LSN15,20,45,2021-08-21T11:30:00Z
UUPL01659,CCBP1016USR,LSN15,7,52,2021-08-22T09:30:00Z
UUPL01682,CCBP1016USR,LSN15,26,78,2021-08-23T05:30:00Z
UUPL01682,CCBP1020USR,LSN15,50,50,2021-07-25T11:30:00Z
UUPL01653,CCBP1020USR,LSN15,9,59,2021-07-26T09:30:00Z
UUPL01654,CCBP1020USR,LSN15,16,75,2021-07-27T05:30:00Z
UUPL01655,CCBP1020USR,LSN15,20,95,2021-07-28T06:30:00Z
UUPL01656,CCBP1020USR,LSN15,5,100,2021-07-29T04:30:00Z
UUPL01655,CCBP1018USR,LSN15,20,20,2021-10-08T12:30:00Z
UUPL01656,CCBP1018USR,LSN15,20,40,2021-10-09T07:30:00Z
UUPL01657,CCBP1018USR,LSN15,8,48,2021-10-10T11:30:00Z
UUPL01658,CCBP1018USR,LSN15,11,59,2021-10-11T09:30:00Z
UUPL01659,CCBP1018USR,LSN15,29,88,2021-10-12T05:30:00Z
UUPL01653,CCBP1026USR,LSN15,20,20,2021-08-19T09:30:00Z
UUPL01654,CCBP1026USR,LSN15,5,25,2021-08-20T05:30:00Z
UUPL01655,CCBP1026USR,LSN15,20,45,2021-08-21T06:30:00Z
UUPL01656,CCBP1026USR,LSN15,7,52,2021-08-22T04:30:00Z
UUPL01657,CCBP1026USR,LSN15,26,78,2021-08-23T12:30:00Z
UUPL01658,CCBP1031USR,LSN15,20,20,2021-08-19T11:30:00Z
UUPL01659,CCBP1031USR,LSN15,5,25,2021-08-20T09:30:00Z
UUPL01682,CCBP1031USR,LSN15,20,45,2021-08-21T05:30:00Z
UUPL01653,CCBP1031USR,LSN15,7,52,2021-08-22T06:30:00Z
UUPL01654,CCBP1031USR,LSN15,26,78,2021-08-23T04:30:00Z
UUPL01655,CCBP1036USR,LSN15,20,20,2021-08-19T07:30:00Z
UUPL01656,CCBP1036USR,LSN15,5,25,2021-08-20T11:30:00Z
UUPL01657,CCBP1036USR,LSN15,20,45,2021-08-21T09:30:00Z
UUPL01658,CCBP1036USR,LSN15,7,52,2021-08-22T05:30:00Z
UUPL01659,CCBP1036USR,LSN15,26,78,2021-08-23T06:30:00Z
UUPL01659,CCBP1040USR,LSN15,50,50,2021-07-25T09:30:00Z
UUPL01682,CCBP1040USR,LSN15,9,59,2021-07-26T05:30:00Z
UUPL01653,CCBP1040USR,LSN15,16,75,2021-07-27T06:30:00Z
UUPL01654,CCBP1040USR,LSN15,20,95,2021-07-28T04:30:00Z
UUPL01655,CCBP1040USR,LSN15,5,100,2021-07-29T12:30:00Z
UUPL01657,CCBP1046USR,LSN15,20,20,2021-08-19T04:30:00Z
UUPL01658,CCBP1046USR,LSN15,5,25,2021-08-20T12:30:00Z
UUPL01659,CCBP1046USR,LSN15,20,45,2021-08-21T07:30:00Z
UUPL01682,CCBP1046USR,LSN15,7,52,2021-08-22T11:30:00Z
UUPL01653,CCBP1046USR,LSN15,26,78,2021-08-23T09:30:00Z
UUPL01654,CCBP1001USR,LSN15,20,20,2021-08-19T06:30:00Z
UUPL01655,CCBP1001USR,LSN15,5,25,2021-08-20T04:30:00Z
UUPL01656,CCBP1001USR,LSN15,20,45,2021-08-21T12:30:00Z
UUPL01657,CCBP1001USR,LSN15,7,52,2021-08-22T07:30:00Z
UUPL01658,CCBP1001USR,LSN15,26,78,2021-08-23T11:30:00Z
UUPL01659,CCBP1009USR,LSN15,20,20,2021-08-19T05:30:00Z
UUPL01682,CCBP1009USR,LSN15,5,25,2021-08-20T06:30:00Z
UUPL01653,CCBP1009USR,LSN15,20,45,2021-08-21T04:30:00Z
UUPL01654,CCBP1009USR,LSN15,7,52,2021-08-22T12:30:00Z
UUPL01655,CCBP1009USR,LSN15,26,78,2021-08-23T07:30:00Z
UUPL01655,CCBP1013USR,LSN15,50,50,2021-07-25T04:30:00Z
UUPL01656,CCBP1013USR,LSN15,9,59,2021-07-26T12:30:00Z
UUPL01657,CCBP1013USR,LSN15,16,75,2021-07-27T07:30:00Z
UUPL01658,CCBP1013USR,LSN15,20,95,2021-07-28T11:30:00Z
UUPL01659,CCBP1013USR,LSN15,5,100,2021-07-29T09:30:00Z
UUPL01653,CCBP1030USR,LSN15,20,20,2021-08-19T11:30:00Z
UUPL01654,CCBP1030USR,LSN15,5,25,2021-08-20T09:30:00Z
UUPL01655,CCBP1030USR,LSN15,20,45,2021-08-21T05:30:00Z
UUPL01656,CCBP1030USR,LSN15,7,52,2021-08-22T06:30:00Z
UUPL01657,CCBP1030USR,LSN15,26,78,2021-08-23T04:30:00Z
UUPL01658,CCBP1033USR,LSN15,20,20,2021-08-19T07:30:00Z
UUPL01659,CCBP1033USR,LSN15,5,25,2021-08-20T11:30:00Z
UUPL01682,CCBP1033USR,LSN15,20,45,2021-08-21T09:30:00Z
UUPL01653,CCBP1033USR,LSN15,7,52,2021-08-22T05:30:00Z
UUPL01654,CCBP1033USR,LSN15,26,78,2021-08-23T06:30:00Z
UUPL01655,CCBP1038USR,LSN15,20,20,2021-08-19T12:30:00Z
UUPL01656,CCBP1038USR,LSN15,5,25,2021-08-20T07:30:00Z
UUPL01657,CCBP1038USR,LSN15,20,45,2021-08-21T11:30:00Z
UUPL01658,CCBP1038USR,LSN15,7,52,2021-08-22T09:30:00Z
UUPL01659,CCBP1038USR,LSN15,26,78,2021-08-23T05:30:00Z
UUPL01659,CCBP1045USR,LSN15,50,50,2021-07-25T11:30:00Z
UUPL01682,CCBP1045USR,LSN15,9,59,2021-07-26T09:30:00Z
UUPL01653,CCBP1045USR,LSN15,16,75,2021-07-27T05:30:00Z
UUPL01654,CCBP1045USR,LSN15,20,95,2021-07-28T06:30:00Z
UUPL01655,CCBP1045USR,LSN15,5,100,2021-07-29T04:30:00Z
UUPL00051,CCBP1003USR,LSN17,20,20,2021-12-24T06:30:00Z
UUPL00052,CCBP1003USR,LSN17,5,25,2021-12-25T06:30:00Z
UUPL00053,CCBP1003USR,LSN17,20,45,2021-12-26T06:30:00Z
UUPL00054,CCBP1003USR,LSN17,7,52,2021-12-27T06:30:00Z
UUPL00056,CCBP1003USR,LSN17,47,99,2021-12-28T06:30:00Z
UUPL00174,CCBP1007USR,LSN17,20,20,2021-08-24T12:30:00Z
UUPL00175,CCBP1007USR,LSN17,5,25,2021-08-25T07:30:00Z
UUPL00197,CCBP1007USR,LSN17,20,45,2021-08-26T11:30:00Z
UUPL00217,CCBP1007USR,LSN17,7,52,2021-08-27T09:30:00Z
UUPL00218,CCBP1007USR,LSN17,47,99,2021-08-28T05:30:00Z
UUPL01510,CCBP1012USR,LSN17,20,20,2021-08-24T04:30:00Z
UUPL01511,CCBP1012USR,LSN17,5,25,2021-08-25T12:30:00Z
UUPL01512,CCBP1012USR,LSN17,20,45,2021-08-26T07:30:00Z
UUPL01513,CCBP1012USR,LSN17,7,52,2021-08-27T11:30:00Z
UUPL01514,CCBP1012USR,LSN17,47,99,2021-08-28T09:30:00Z
UUPL01653,CCBP1017USR,LSN17,20,20,2021-09-25T06:30:00Z
UUPL01654,CCBP1017USR,LSN17,5,25,2021-09-26T04:30:00Z
UUPL01655,CCBP1017USR,LSN17,20,45,2021-09-27T12:30:00Z
UUPL01656,CCBP1017USR,LSN17,7,52,2021-09-28T07:30:00Z
UUPL01657,CCBP1017USR,LSN17,47,99,2021-09-29T11:30:00Z
UUPL01654,CCBP1023USR,LSN17,20,20,2021-08-24T04:30:00Z
UUPL01655,CCBP1023USR,LSN17,5,25,2021-08-25T12:30:00Z
UUPL01656,CCBP1023USR,LSN17,20,45,2021-08-26T07:30:00Z
UUPL01657,CCBP1023USR,LSN17,7,52,2021-08-27T11:30:00Z
UUPL01658,CCBP1023USR,LSN17,47,99,2021-08-28T09:30:00Z
UUPL01658,CCBP1027USR,LSN17,20,20,2021-08-24T07:30:00Z
UUPL01659,CCBP1027USR,LSN17,5,25,2021-08-25T11:30:00Z
UUPL01682,CCBP1027USR,LSN17,20,45,2021-08-26T09:30:00Z
UUPL01653,CCBP1027USR,LSN17,7,52,2021-08-27T05:30:00Z
UUPL01654,CCBP1027USR,LSN17,47,99,2021-08-28T06:30:00Z
UUPL01655,CCBP1032USR,LSN17,20,20,2021-08-24T12:30:00Z
UUPL01656,CCBP1032USR,LSN17,5,25,2021-08-25T07:30:00Z
UUPL01657,CCBP1032USR,LSN17,20,45,2021-08-26T11:30:00Z
UUPL01658,CCBP1032USR,LSN17,7,52,2021-08-27T09:30:00Z
UUPL01659,CCBP1032USR,LSN17,47,99,2021-08-28T05:30:00Z
UUPL01682,CCBP1037USR,LSN17,20,20,2021-08-24T04:30:00Z
UUPL01653,CCBP1037USR,LSN17,5,25,2021-08-25T12:30:00Z
UUPL01654,CCBP1037USR,LSN17,20,45,2021-08-26T07:30:00Z
UUPL01655,CCBP1037USR,LSN17,7,52,2021-08-27T11:30:00Z
UUPL01656,CCBP1037USR,LSN17,47,99,2021-08-28T09:30:00Z
UUPL01658,CCBP1043USR,LSN17,20,20,2021-08-24T11:30:00Z
UUPL01659,CCBP1043USR,LSN17,5,25,2021-08-25T09:30:00Z
UUPL01682,CCBP1043USR,LSN17,20,45,2021-08-26T05:30:00Z
UUPL01653,CCBP1043USR,LSN17,7,52,2021-08-27T06:30:00Z
UUPL01654,CCBP1043USR,LSN17,47,99,2021-08-28T04:30:00Z
UUPL01654,CCBP1047USR,LSN17,20,20,2021-08-24T05:30:00Z
UUPL01655,CCBP1047USR,LSN17,5,25,2021-08-25T06:30:00Z
UUPL01656,CCBP1047USR,LSN17,20,45,2021-08-26T04:30:00Z
UUPL01657,CCBP1047USR,LSN17,7,52,2021-08-27T12:30:00Z
UUPL01658,CCBP1047USR,LSN17,47,99,2021-08-28T07:30:00Z
UUPL01659,CCBP1002USR,LSN17,20,20,2021-08-24T09:30:00Z
UUPL01682,CCBP1002USR,LSN17,5,25,2021-08-25T05:30:00Z
UUPL01653,CCBP1002USR,LSN17,20,45,2021-08-26T06:30:00Z
UUPL01654,CCBP1002USR,LSN17,7,52,2021-08-27T04:30:00Z
UUPL01655,CCBP1002USR,LSN17,47,99,2021-08-28T12:30:00Z
UUPL01656,CCBP1010USR,LSN17,20,20,2021-10-30T11:30:00Z
UUPL01657,CCBP1010USR,LSN17,5,25,2021-10-31T09:30:00Z
UUPL01658,CCBP1010USR,LSN17,20,45,2021-11-01T05:30:00Z
UUPL01659,CCBP1010USR,LSN17,7,52,2021-11-02T06:30:00Z
UUPL01682,CCBP1010USR,LSN17,47,99,2021-11-03T04:30:00Z
UUPL01654,CCBP1014USR,LSN17,20,20,2021-08-24T06:30:00Z
UUPL01655,CCBP1014USR,LSN17,5,25,2021-08-25T04:30:00Z
UUPL01656,CCBP1014USR,LSN17,20,45,2021-08-26T12:30:00Z
UUPL01657,CCBP1014USR,LSN17,7,52,2021-08-27T07:30:00Z
UUPL01658,CCBP1014USR,LSN17,47,99,2021-08-28T11:30:00Z
UUPL01658,CCBP1019USR,LSN17,20,20,2021-08-24T12:30:00Z
UUPL01659,CCBP1019USR,LSN17,5,25,2021-08-25T07:30:00Z
UUPL01682,CCBP1019USR,LSN17,20,45,2021-08-26T11:30:00Z
UUPL01653,CCBP1019USR,LSN17,7,52,2021-08-27T09:30:00Z
UUPL01654,CCBP1019USR,LSN17,47,99,2021-08-28T05:30:00Z
UUPL01655,CCBP1034USR,LSN17,20,20,2021-08-24T04:30:00Z
UUPL01656,CCBP1034USR,LSN17,5,25,2021-08-25T12:30:00Z
UUPL01657,CCBP1034USR,LSN17,20,45,2021-08-26T07:30:00Z
UUPL01658,CCBP1034USR,LSN17,7,52,2021-08-27T11:30:00Z
UUPL01659,CCBP1034USR,LSN17,47,99,2021-08-28T09:30:00Z
UUPL01682,CCBP1039USR,LSN17,20,20,2021-08-24T06:30:00Z
UUPL01653,CCBP1039USR,LSN17,5,25,2021-08-25T04:30:00Z
UUPL01654,CCBP1039USR,LSN17,20,45,2021-08-26T12:30:00Z
UUPL01655,CCBP1039USR,LSN17,7,52,2021-08-27T07:30:00Z
UUPL01656,CCBP1039USR,LSN17,47,99,2021-08-28T11:30:00Z
UUPL00058,CCBP1003USR,LSN18,20,20,2021-12-29T06:30:00Z
UUPL00059,CCBP1003USR,LSN18,5,25,2021-12-30T06:30:00Z
UUPL00060,CCBP1003USR,LSN18,13,38,2021-12-31T06:30:00Z
UUPL00061,CCBP1003USR,LSN18,14,52,2022-01-01T06:30:00Z
UUPL00062,CCBP1003USR,LSN18,47,99,2022-01-02T06:30:00Z
UUPL00219,CCBP1007USR,LSN18,20,20,2021-08-29T06:30:00Z
UUPL00245,CCBP1007USR,LSN18,5,25,2021-08-30T04:30:00Z
UUPL00246,CCBP1007USR,LSN18,13,38,2021-08-31T12:30:00Z
UUPL00247,CCBP1007USR,LSN18,14,52,2021-09-01T07:30:00Z
UUPL00248,CCBP1007USR,LSN18,47,99,2021-09-02T11:30:00Z
UUPL01515,CCBP1012USR,LSN18,20,20,2021-08-29T05:30:00Z
UUPL01516,CCBP1012USR,LSN18,5,25,2021-08-30T06:30:00Z
UUPL01517,CCBP1012USR,LSN18,13,38,2021-08-31T04:30:00Z
UUPL01518,CCBP1012USR,LSN18,14,52,2021-09-01T12:30:00Z
UUPL01519,CCBP1012USR,LSN18,47,99,2021-09-02T07:30:00Z
UUPL01658,CCBP1017USR,LSN18,20,20,2021-09-30T09:30:00Z
UUPL01659,CCBP1017USR,LSN18,5,25,2021-10-01T05:30:00Z
UUPL01682,CCBP1017USR,LSN18,13,38,2021-10-02T06:30:00Z
UUPL01653,CCBP1017USR,LSN18,14,52,2021-10-03T04:30:00Z
UUPL01654,CCBP1017USR,LSN18,47,99,2021-10-04T12:30:00Z
UUPL01659,CCBP1023USR,LSN18,20,20,2021-08-29T05:30:00Z
UUPL01682,CCBP1023USR,LSN18,5,25,2021-08-30T06:30:00Z
UUPL01653,CCBP1023USR,LSN18,13,38,2021-08-31T04:30:00Z
UUPL01654,CCBP1023USR,LSN18,14,52,2021-09-01T12:30:00Z
UUPL01655,CCBP1023USR,LSN18,47,99,2021-09-02T07:30:00Z
UUPL01655,CCBP1027USR,LSN18,20,20,2021-08-29T04:30:00Z
UUPL01656,CCBP1027USR,LSN18,5,25,2021-08-30T12:30:00Z
UUPL01657,CCBP1027USR,LSN18,13,38,2021-08-31T07:30:00Z
UUPL01658,CCBP1027USR,LSN18,14,52,2021-09-01T11:30:00Z
UUPL01659,CCBP1027USR,LSN18,47,99,2021-09-02T09:30:00Z
UUPL01682,CCBP1032USR,LSN18,20,20,2021-08-29T06:30:00Z
UUPL01653,CCBP1032USR,LSN18,5,25,2021-08-30T04:30:00Z
UUPL01654,CCBP1032USR,LSN18,13,38,2021-08-31T12:30:00Z
UUPL01655,CCBP1032USR,LSN18,14,52,2021-09-01T07:30:00Z
UUPL01656,CCBP1032USR,LSN18,47,99,2021-09-02T11:30:00Z
UUPL01657,CCBP1037USR,LSN18,20,20,2021-08-29T05:30:00Z
UUPL01658,CCBP1037USR,LSN18,5,25,2021-08-30T06:30:00Z
UUPL01659,CCBP1037USR,LSN18,13,38,2021-08-31T04:30:00Z
UUPL01682,CCBP1037USR,LSN18,14,52,2021-09-01T12:30:00Z
UUPL01653,CCBP1037USR,LSN18,47,99,2021-09-02T07:30:00Z
UUPL01655,CCBP1043USR,LSN18,20,20,2021-08-29T12:30:00Z
UUPL01656,CCBP1043USR,LSN18,5,25,2021-08-30T07:30:00Z
UUPL01657,CCBP1043USR,LSN18,13,38,2021-08-31T11:30:00Z
UUPL01658,CCBP1043USR,LSN18,14,52,2021-09-01T09:30:00Z
UUPL01659,CCBP1043USR,LSN18,47,99,2021-09-02T05:30:00Z
UUPL01659,CCBP1047USR,LSN18,20,20,2021-08-29T11:30:00Z
UUPL01682,CCBP1047USR,LSN18,5,25,2021-08-30T09:30:00Z
UUPL01653,CCBP1047USR,LSN18,13,38,2021-08-31T05:30:00Z
UUPL01654,CCBP1047USR,LSN18,14,52,2021-09-01T06:30:00Z
UUPL01655,CCBP1047USR,LSN18,47,99,2021-09-02T04:30:00Z
UUPL01656,CCBP1002USR,LSN18,20,20,2021-08-29T07:30:00Z
UUPL01657,CCBP1002USR,LSN18,5,25,2021-08-30T11:30:00Z
UUPL01658,CCBP1002USR,LSN18,13,38,2021-08-31T09:30:00Z
UUPL01659,CCBP1002USR,LSN18,14,52,2021-09-01T05:30:00Z
UUPL01682,CCBP1002USR,LSN18,47,99,2021-09-02T06:30:00Z
UUPL01653,CCBP1010USR,LSN18,20,20,2021-11-04T12:30:00Z
UUPL01654,CCBP1010USR,LSN18,5,25,2021-11-05T07:30:00Z
UUPL01655,CCBP1010USR,LSN18,13,38,2021-11-06T11:30:00Z
UUPL01656,CCBP1010USR,LSN18,14,52,2021-11-07T09:30:00Z
UUPL01657,CCBP1010USR,LSN18,47,99,2021-11-08T05:30:00Z
UUPL01659,CCBP1014USR,LSN18,20,20,2021-08-29T09:30:00Z
UUPL01682,CCBP1014USR,LSN18,5,25,2021-08-30T05:30:00Z
UUPL01653,CCBP1014USR,LSN18,13,38,2021-08-31T06:30:00Z
UUPL01654,CCBP1014USR,LSN18,14,52,2021-09-01T04:30:00Z
UUPL01655,CCBP1014USR,LSN18,47,99,2021-09-02T12:30:00Z
UUPL01655,CCBP1019USR,LSN18,20,20,2021-08-29T06:30:00Z
UUPL01656,CCBP1019USR,LSN18,5,25,2021-08-30T04:30:00Z
UUPL01657,CCBP1019USR,LSN18,13,38,2021-08-31T12:30:00Z
UUPL01658,CCBP1019USR,LSN18,14,52,2021-09-01T07:30:00Z
UUPL01659,CCBP1019USR,LSN18,47,99,2021-09-02T11:30:00Z
UUPL01682,CCBP1034USR,LSN18,20,20,2021-08-29T05:30:00Z
UUPL01653,CCBP1034USR,LSN18,5,25,2021-08-30T06:30:00Z
UUPL01654,CCBP1034USR,LSN18,13,38,2021-08-31T04:30:00Z
UUPL01655,CCBP1034USR,LSN18,14,52,2021-09-01T12:30:00Z
UUPL01656,CCBP1034USR,LSN18,47,99,2021-09-02T07:30:00Z
UUPL01657,CCBP1039USR,LSN18,20,20,2021-08-29T09:30:00Z
UUPL01658,CCBP1039USR,LSN18,5,25,2021-08-30T05:30:00Z
UUPL01659,CCBP1039USR,LSN18,13,38,2021-08-31T06:30:00Z
UUPL01682,CCBP1039USR,LSN18,14,52,2021-09-01T04:30:00Z
UUPL01653,CCBP1039USR,LSN18,47,99,2021-09-02T12:30:00Z
UUPL00063,CCBP1003USR,LSN19,20,20,2022-01-03T06:30:00Z
UUPL00064,CCBP1003USR,LSN19,5,25,2022-01-04T06:30:00Z
UUPL00065,CCBP1003USR,LSN19,13,38,2022-01-05T06:30:00Z
UUPL00066,CCBP1003USR,LSN19,14,52,2022-01-06T06:30:00Z
UUPL00067,CCBP1003USR,LSN19,27,79,2022-01-07T06:30:00Z
UUPL00249,CCBP1007USR,LSN19,20,20,2021-09-03T09:30:00Z
UUPL00251,CCBP1007USR,LSN19,20,40,2021-09-05T06:30:00Z
UUPL00252,CCBP1007USR,LSN19,14,54,2021-09-06T04:30:00Z
UUPL00253,CCBP1007USR,LSN19,27,81,2021-09-07T12:30:00Z
UUPL01520,CCBP1012USR,LSN19,20,20,2021-09-03T11:30:00Z
UUPL01521,CCBP1012USR,LSN19,5,25,2021-09-04T09:30:00Z
UUPL01522,CCBP1012USR,LSN19,13,38,2021-09-05T05:30:00Z
UUPL01523,CCBP1012USR,LSN19,14,52,2021-09-06T06:30:00Z
UUPL01524,CCBP1012USR,LSN19,27,79,2021-09-07T04:30:00Z
UUPL01655,CCBP1017USR,LSN19,20,20,2021-10-05T07:30:00Z
UUPL01656,CCBP1017USR,LSN19,5,25,2021-10-06T11:30:00Z
UUPL01657,CCBP1017USR,LSN19,13,38,2021-10-07T09:30:00Z
UUPL01658,CCBP1017USR,LSN19,14,52,2021-10-08T05:30:00Z
UUPL01659,CCBP1017USR,LSN19,27,79,2021-10-09T06:30:00Z
UUPL01656,CCBP1023USR,LSN19,20,20,2021-09-03T11:30:00Z
UUPL01657,CCBP1023USR,LSN19,5,25,2021-09-04T09:30:00Z
UUPL01658,CCBP1023USR,LSN19,13,38,2021-09-05T05:30:00Z
UUPL01659,CCBP1023USR,LSN19,14,52,2021-09-06T06:30:00Z
UUPL01682,CCBP1023USR,LSN19,27,79,2021-09-07T04:30:00Z
UUPL01682,CCBP1027USR,LSN19,20,20,2021-09-03T05:30:00Z
UUPL01653,CCBP1027USR,LSN19,5,25,2021-09-04T06:30:00Z
UUPL01654,CCBP1027USR,LSN19,13,38,2021-09-05T04:30:00Z
UUPL01655,CCBP1027USR,LSN19,14,52,2021-09-06T12:30:00Z
UUPL01656,CCBP1027USR,LSN19,27,79,2021-09-07T07:30:00Z
UUPL01657,CCBP1032USR,LSN19,20,20,2021-09-03T09:30:00Z
UUPL01658,CCBP1032USR,LSN19,5,25,2021-09-04T05:30:00Z
UUPL01659,CCBP1032USR,LSN19,13,38,2021-09-05T06:30:00Z
UUPL01682,CCBP1032USR,LSN19,14,52,2021-09-06T04:30:00Z
UUPL01653,CCBP1032USR,LSN19,27,79,2021-09-07T12:30:00Z
UUPL01654,CCBP1037USR,LSN19,20,20,2021-09-03T11:30:00Z
UUPL01655,CCBP1037USR,LSN19,5,25,2021-09-04T09:30:00Z
UUPL01656,CCBP1037USR,LSN19,13,38,2021-09-05T05:30:00Z
UUPL01657,CCBP1037USR,LSN19,14,52,2021-09-06T06:30:00Z
UUPL01658,CCBP1037USR,LSN19,27,79,2021-09-07T04:30:00Z
UUPL01682,CCBP1043USR,LSN19,20,20,2021-09-03T06:30:00Z
UUPL01653,CCBP1043USR,LSN19,5,25,2021-09-04T04:30:00Z
UUPL01654,CCBP1043USR,LSN19,13,38,2021-09-05T12:30:00Z
UUPL01655,CCBP1043USR,LSN19,14,52,2021-09-06T07:30:00Z
UUPL01656,CCBP1043USR,LSN19,27,79,2021-09-07T11:30:00Z
UUPL01656,CCBP1047USR,LSN19,20,20,2021-09-03T12:30:00Z
UUPL01657,CCBP1047USR,LSN19,5,25,2021-09-04T07:30:00Z
UUPL01658,CCBP1047USR,LSN19,13,38,2021-09-05T11:30:00Z
UUPL01659,CCBP1047USR,LSN19,14,52,2021-09-06T09:30:00Z
UUPL01682,CCBP1047USR,LSN19,27,79,2021-09-07T05:30:00Z
UUPL01653,CCBP1002USR,LSN19,20,20,2021-09-03T04:30:00Z
UUPL01654,CCBP1002USR,LSN19,5,25,2021-09-04T12:30:00Z
UUPL01655,CCBP1002USR,LSN19,13,38,2021-09-05T07:30:00Z
UUPL01656,CCBP1002USR,LSN19,14,52,2021-09-06T11:30:00Z
UUPL01657,CCBP1002USR,LSN19,27,79,2021-09-07T09:30:00Z
UUPL01658,CCBP1010USR,LSN19,20,20,2021-11-09T06:30:00Z
UUPL01659,CCBP1010USR,LSN19,5,25,2021-11-10T04:30:00Z
UUPL01682,CCBP1010USR,LSN19,13,38,2021-11-11T12:30:00Z
UUPL01653,CCBP1010USR,LSN19,14,52,2021-11-12T07:30:00Z
UUPL01654,CCBP1010USR,LSN19,27,79,2021-11-13T11:30:00Z
UUPL01656,CCBP1014USR,LSN19,20,20,2021-09-03T07:30:00Z
UUPL01657,CCBP1014USR,LSN19,5,25,2021-09-04T11:30:00Z
UUPL01658,CCBP1014USR,LSN19,13,38,2021-09-05T09:30:00Z
UUPL01659,CCBP1014USR,LSN19,14,52,2021-09-06T05:30:00Z
UUPL01682,CCBP1014USR,LSN19,27,79,2021-09-07T06:30:00Z
UUPL01682,CCBP1019USR,LSN19,20,20,2021-09-03T09:30:00Z
UUPL01653,CCBP1019USR,LSN19,5,25,2021-09-04T05:30:00Z
UUPL01654,CCBP1019USR,LSN19,13,38,2021-09-05T06:30:00Z
UUPL01655,CCBP1019USR,LSN19,14,52,2021-09-06T04:30:00Z
UUPL01656,CCBP1019USR,LSN19,27,79,2021-09-07T12:30:00Z
UUPL01657,CCBP1034USR,LSN19,20,20,2021-09-03T11:30:00Z
UUPL01658,CCBP1034USR,LSN19,5,25,2021-09-04T09:30:00Z
UUPL01659,CCBP1034USR,LSN19,13,38,2021-09-05T05:30:00Z
UUPL01682,CCBP1034USR,LSN19,14,52,2021-09-06T06:30:00Z
UUPL01653,CCBP1034USR,LSN19,27,79,2021-09-07T04:30:00Z
UUPL01654,CCBP1039USR,LSN19,20,20,2021-09-03T07:30:00Z
UUPL01655,CCBP1039USR,LSN19,5,25,2021-09-04T11:30:00Z
UUPL01656,CCBP1039USR,LSN19,13,38,2021-09-05T09:30:00Z
UUPL01657,CCBP1039USR,LSN19,14,52,2021-09-06T05:30:00Z
UUPL01658,CCBP1039USR,LSN19,27,79,2021-09-07T06:30:00Z
UUPL00068,CCBP1003USR,LSN20,20,20,2022-01-08T06:30:00Z
UUPL00069,CCBP1003USR,LSN20,10,30,2022-01-09T06:30:00Z
UUPL00070,CCBP1003USR,LSN20,8,38,2022-01-10T06:30:00Z
UUPL00072,CCBP1003USR,LSN20,42,80,2022-01-11T06:30:00Z
UUPL00086,CCBP1003USR,LSN20,15,95,2022-01-12T06:30:00Z
UUPL00254,CCBP1007USR,LSN20,20,20,2021-09-08T07:30:00Z
UUPL00255,CCBP1007USR,LSN20,10,30,2021-09-09T11:30:00Z
UUPL00256,CCBP1007USR,LSN20,8,38,2021-09-10T09:30:00Z
UUPL00257,CCBP1007USR,LSN20,42,80,2021-09-11T05:30:00Z
UUPL00258,CCBP1007USR,LSN20,15,95,2021-09-12T06:30:00Z
UUPL01525,CCBP1012USR,LSN20,20,20,2021-09-08T12:30:00Z
UUPL01526,CCBP1012USR,LSN20,10,30,2021-09-09T07:30:00Z
UUPL01527,CCBP1012USR,LSN20,8,38,2021-09-10T11:30:00Z
UUPL01528,CCBP1012USR,LSN20,42,80,2021-09-11T09:30:00Z
UUPL01529,CCBP1012USR,LSN20,15,95,2021-09-12T05:30:00Z
UUPL01682,CCBP1017USR,LSN20,20,20,2021-10-10T04:30:00Z
UUPL01653,CCBP1017USR,LSN20,10,30,2021-10-11T12:30:00Z
UUPL01654,CCBP1017USR,LSN20,8,38,2021-10-12T07:30:00Z
UUPL01655,CCBP1017USR,LSN20,42,80,2021-10-13T11:30:00Z
UUPL01656,CCBP1017USR,LSN20,15,95,2021-10-14T09:30:00Z
UUPL01653,CCBP1023USR,LSN20,20,20,2021-09-08T12:30:00Z
UUPL01654,CCBP1023USR,LSN20,10,30,2021-09-09T07:30:00Z
UUPL01655,CCBP1023USR,LSN20,8,38,2021-09-10T11:30:00Z
UUPL01656,CCBP1023USR,LSN20,42,80,2021-09-11T09:30:00Z
UUPL01657,CCBP1023USR,LSN20,15,95,2021-09-12T05:30:00Z
UUPL01657,CCBP1027USR,LSN20,20,20,2021-09-08T11:30:00Z
UUPL01658,CCBP1027USR,LSN20,10,30,2021-09-09T09:30:00Z
UUPL01659,CCBP1027USR,LSN20,8,38,2021-09-10T05:30:00Z
UUPL01682,CCBP1027USR,LSN20,42,80,2021-09-11T06:30:00Z
UUPL01653,CCBP1027USR,LSN20,15,95,2021-09-12T04:30:00Z
UUPL01654,CCBP1032USR,LSN20,20,20,2021-09-08T07:30:00Z
UUPL01655,CCBP1032USR,LSN20,10,30,2021-09-09T11:30:00Z
UUPL01656,CCBP1032USR,LSN20,8,38,2021-09-10T09:30:00Z
UUPL01657,CCBP1032USR,LSN20,42,80,2021-09-11T05:30:00Z
UUPL01658,CCBP1032USR,LSN20,15,95,2021-09-12T06:30:00Z
UUPL01659,CCBP1037USR,LSN20,20,20,2021-09-08T12:30:00Z
UUPL01682,CCBP1037USR,LSN20,10,30,2021-09-09T07:30:00Z
UUPL01653,CCBP1037USR,LSN20,8,38,2021-09-10T11:30:00Z
UUPL01654,CCBP1037USR,LSN20,42,80,2021-09-11T09:30:00Z
UUPL01655,CCBP1037USR,LSN20,15,95,2021-09-12T05:30:00Z
UUPL01657,CCBP1043USR,LSN20,20,20,2021-09-08T09:30:00Z
UUPL01658,CCBP1043USR,LSN20,10,30,2021-09-09T05:30:00Z
UUPL01659,CCBP1043USR,LSN20,8,38,2021-09-10T06:30:00Z
UUPL01682,CCBP1043USR,LSN20,42,80,2021-09-11T04:30:00Z
UUPL01653,CCBP1043USR,LSN20,15,95,2021-09-12T12:30:00Z
UUPL01653,CCBP1047USR,LSN20,20,20,2021-09-08T06:30:00Z
UUPL01654,CCBP1047USR,LSN20,10,30,2021-09-09T04:30:00Z
UUPL01655,CCBP1047USR,LSN20,8,38,2021-09-10T12:30:00Z
UUPL01656,CCBP1047USR,LSN20,42,80,2021-09-11T07:30:00Z
UUPL01657,CCBP1047USR,LSN20,15,95,2021-09-12T11:30:00Z
UUPL01658,CCBP1002USR,LSN20,20,20,2021-09-08T05:30:00Z
UUPL01659,CCBP1002USR,LSN20,10,30,2021-09-09T06:30:00Z
UUPL01682,CCBP1002USR,LSN20,8,38,2021-09-10T04:30:00Z
UUPL01653,CCBP1002USR,LSN20,42,80,2021-09-11T12:30:00Z
UUPL01654,CCBP1002USR,LSN20,15,95,2021-09-12T07:30:00Z
UUPL01655,CCBP1010USR,LSN20,20,20,2021-11-14T09:30:00Z
UUPL01656,CCBP1010USR,LSN20,10,30,2021-11-15T05:30:00Z
UUPL01657,CCBP1010USR,LSN20,8,38,2021-11-16T06:30:00Z
UUPL01658,CCBP1010USR,LSN20,42,80,2021-11-17T04:30:00Z
UUPL01659,CCBP1010USR,LSN20,15,95,2021-11-18T12:30:00Z
UUPL01653,CCBP1014USR,LSN20,20,20,2021-09-08T04:30:00Z
UUPL01654,CCBP1014USR,LSN20,10,30,2021-09-09T12:30:00Z
UUPL01655,CCBP1014USR,LSN20,8,38,2021-09-10T07:30:00Z
UUPL01656,CCBP1014USR,LSN20,42,80,2021-09-11T11:30:00Z
UUPL01657,CCBP1014USR,LSN20,15,95,2021-09-12T09:30:00Z
UUPL01657,CCBP1019USR,LSN20,20,20,2021-09-08T07:30:00Z
UUPL01658,CCBP1019USR,LSN20,10,30,2021-09-09T11:30:00Z
UUPL01659,CCBP1019USR,LSN20,8,38,2021-09-10T09:30:00Z
UUPL01682,CCBP1019USR,LSN20,42,80,2021-09-11T05:30:00Z
UUPL01653,CCBP1019USR,LSN20,15,95,2021-09-12T06:30:00Z
UUPL01654,CCBP1034USR,LSN20,20,20,2021-09-08T12:30:00Z
UUPL01655,CCBP1034USR,LSN20,10,30,2021-09-09T07:30:00Z
UUPL01656,CCBP1034USR,LSN20,8,38,2021-09-10T11:30:00Z
UUPL01657,CCBP1034USR,LSN20,42,80,2021-09-11T09:30:00Z
UUPL01658,CCBP1034USR,LSN20,15,95,2021-09-12T05:30:00Z
UUPL01659,CCBP1039USR,LSN20,20,20,2021-09-08T04:30:00Z
UUPL01682,CCBP1039USR,LSN20,10,30,2021-09-09T12:30:00Z
UUPL01653,CCBP1039USR,LSN20,8,38,2021-09-10T07:30:00Z
UUPL01654,CCBP1039USR,LSN20,42,80,2021-09-11T11:30:00Z
UUPL01655,CCBP1039USR,LSN20,15,95,2021-09-12T09:30:00Z
UUPL00087,CCBP1003USR,LSN21,15,15,2022-01-13T06:30:00Z
UUPL00088,CCBP1003USR,LSN21,25,40,2022-01-14T06:30:00Z
UUPL00089,CCBP1003USR,LSN21,8,48,2022-01-15T06:30:00Z
UUPL00090,CCBP1003USR,LSN21,11,59,2022-01-16T06:30:00Z
UUPL00091,CCBP1003USR,LSN21,36,95,2022-01-17T06:30:00Z
UUPL00259,CCBP1007USR,LSN21,15,15,2021-09-13T04:30:00Z
UUPL00282,CCBP1007USR,LSN21,25,40,2021-09-14T12:30:00Z
UUPL00322,CCBP1007USR,LSN21,8,48,2021-09-15T07:30:00Z
UUPL00323,CCBP1007USR,LSN21,11,59,2021-09-16T11:30:00Z
UUPL00324,CCBP1007USR,LSN21,36,95,2021-09-17T09:30:00Z
UUPL01530,CCBP1012USR,LSN21,15,15,2021-09-13T06:30:00Z
UUPL01531,CCBP1012USR,LSN21,25,40,2021-09-14T04:30:00Z
UUPL01532,CCBP1012USR,LSN21,8,48,2021-09-15T12:30:00Z
UUPL01533,CCBP1012USR,LSN21,11,59,2021-09-16T07:30:00Z
UUPL01534,CCBP1012USR,LSN21,36,95,2021-09-17T11:30:00Z
UUPL01657,CCBP1017USR,LSN21,15,15,2021-10-15T05:30:00Z
UUPL01658,CCBP1017USR,LSN21,25,40,2021-10-16T06:30:00Z
UUPL01659,CCBP1017USR,LSN21,8,48,2021-10-17T04:30:00Z
UUPL01682,CCBP1017USR,LSN21,11,59,2021-10-18T12:30:00Z
UUPL01653,CCBP1017USR,LSN21,36,95,2021-10-19T07:30:00Z
UUPL01658,CCBP1023USR,LSN21,15,15,2021-09-13T06:30:00Z
UUPL01659,CCBP1023USR,LSN21,25,40,2021-09-14T04:30:00Z
UUPL01682,CCBP1023USR,LSN21,8,48,2021-09-15T12:30:00Z
UUPL01653,CCBP1023USR,LSN21,11,59,2021-09-16T07:30:00Z
UUPL01654,CCBP1023USR,LSN21,36,95,2021-09-17T11:30:00Z
UUPL01654,CCBP1027USR,LSN21,15,15,2021-09-13T12:30:00Z
UUPL01655,CCBP1027USR,LSN21,25,40,2021-09-14T07:30:00Z
UUPL01656,CCBP1027USR,LSN21,8,48,2021-09-15T11:30:00Z
UUPL01657,CCBP1027USR,LSN21,11,59,2021-09-16T09:30:00Z
UUPL01658,CCBP1027USR,LSN21,36,95,2021-09-17T05:30:00Z
UUPL01659,CCBP1032USR,LSN21,15,15,2021-09-13T04:30:00Z
UUPL01682,CCBP1032USR,LSN21,25,40,2021-09-14T12:30:00Z
UUPL01653,CCBP1032USR,LSN21,8,48,2021-09-15T07:30:00Z
UUPL01654,CCBP1032USR,LSN21,11,59,2021-09-16T11:30:00Z
UUPL01655,CCBP1032USR,LSN21,36,95,2021-09-17T09:30:00Z
UUPL01656,CCBP1037USR,LSN21,15,15,2021-09-13T06:30:00Z
UUPL01657,CCBP1037USR,LSN21,25,40,2021-09-14T04:30:00Z
UUPL01658,CCBP1037USR,LSN21,8,48,2021-09-15T12:30:00Z
UUPL01659,CCBP1037USR,LSN21,11,59,2021-09-16T07:30:00Z
UUPL01682,CCBP1037USR,LSN21,36,95,2021-09-17T11:30:00Z
UUPL01654,CCBP1043USR,LSN21,15,15,2021-09-13T07:30:00Z
UUPL01655,CCBP1043USR,LSN21,25,40,2021-09-14T11:30:00Z
UUPL01656,CCBP1043USR,LSN21,8,48,2021-09-15T09:30:00Z
UUPL01657,CCBP1043USR,LSN21,11,59,2021-09-16T05:30:00Z
UUPL01658,CCBP1043USR,LSN21,36,95,2021-09-17T06:30:00Z
UUPL01658,CCBP1047USR,LSN21,15,15,2021-09-13T09:30:00Z
UUPL01659,CCBP1047USR,LSN21,25,40,2021-09-14T05:30:00Z
UUPL01682,CCBP1047USR,LSN21,8,48,2021-09-15T06:30:00Z
UUPL01653,CCBP1047USR,LSN21,11,59,2021-09-16T04:30:00Z
UUPL01654,CCBP1047USR,LSN21,36,95,2021-09-17T12:30:00Z
UUPL01655,CCBP1002USR,LSN21,15,15,2021-09-13T11:30:00Z
UUPL01656,CCBP1002USR,LSN21,25,40,2021-09-14T09:30:00Z
UUPL01657,CCBP1002USR,LSN21,8,48,2021-09-15T05:30:00Z
UUPL01658,CCBP1002USR,LSN21,11,59,2021-09-16T06:30:00Z
UUPL01659,CCBP1002USR,LSN21,36,95,2021-09-17T04:30:00Z
UUPL01682,CCBP1010USR,LSN21,15,15,2021-11-19T07:30:00Z
UUPL01653,CCBP1010USR,LSN21,25,40,2021-11-20T11:30:00Z
UUPL01654,CCBP1010USR,LSN21,8,48,2021-11-21T09:30:00Z
UUPL01655,CCBP1010USR,LSN21,11,59,2021-11-22T05:30:00Z
UUPL01656,CCBP1010USR,LSN21,36,95,2021-11-23T06:30:00Z
UUPL01658,CCBP1014USR,LSN21,15,15,2021-09-13T05:30:00Z
UUPL01659,CCBP1014USR,LSN21,25,40,2021-09-14T06:30:00Z
UUPL01682,CCBP1014USR,LSN21,8,48,2021-09-15T04:30:00Z
UUPL01653,CCBP1014USR,LSN21,11,59,2021-09-16T12:30:00Z
UUPL01654,CCBP1014USR,LSN21,36,95,2021-09-17T07:30:00Z
UUPL01654,CCBP1019USR,LSN21,15,15,2021-09-13T04:30:00Z
UUPL01655,CCBP1019USR,LSN21,25,40,2021-09-14T12:30:00Z
UUPL01656,CCBP1019USR,LSN21,8,48,2021-09-15T07:30:00Z
UUPL01657,CCBP1019USR,LSN21,11,59,2021-09-16T11:30:00Z
UUPL01658,CCBP1019USR,LSN21,36,95,2021-09-17T09:30:00Z
UUPL01659,CCBP1034USR,LSN21,15,15,2021-09-13T06:30:00Z
UUPL01682,CCBP1034USR,LSN21,25,40,2021-09-14T04:30:00Z
UUPL01653,CCBP1034USR,LSN21,8,48,2021-09-15T12:30:00Z
UUPL01654,CCBP1034USR,LSN21,11,59,2021-09-16T07:30:00Z
UUPL01655,CCBP1034USR,LSN21,36,95,2021-09-17T11:30:00Z
UUPL01656,CCBP1039USR,LSN21,15,15,2021-09-13T05:30:00Z
UUPL01657,CCBP1039USR,LSN21,25,40,2021-09-14T06:30:00Z
UUPL01658,CCBP1039USR,LSN21,8,48,2021-09-15T04:30:00Z
UUPL01659,CCBP1039USR,LSN21,11,59,2021-09-16T12:30:00Z
UUPL01682,CCBP1039USR,LSN21,36,95,2021-09-17T07:30:00Z
UUPL00092,CCBP1004USR,LSN22,15,15,2021-09-18T11:30:00Z
UUPL00096,CCBP1004USR,LSN22,25,40,2021-09-19T09:30:00Z
UUPL00097,CCBP1004USR,LSN22,8,48,2021-09-20T05:30:00Z
UUPL00098,CCBP1004USR,LSN22,11,59,2021-09-21T06:30:00Z
UUPL00099,CCBP1004USR,LSN22,41,100,2021-09-22T04:30:00Z
UUPL00338,CCBP1008USR,LSN22,15,15,2021-09-18T05:30:00Z
UUPL00339,CCBP1008USR,LSN22,25,40,2021-09-19T06:30:00Z
UUPL00340,CCBP1008USR,LSN22,8,48,2021-09-20T04:30:00Z
UUPL00341,CCBP1008USR,LSN22,11,59,2021-09-21T12:30:00Z
UUPL00342,CCBP1008USR,LSN22,41,100,2021-09-22T07:30:00Z
UUPL00387,CCBP1009USR,LSN22,15,15,2021-09-18T07:30:00Z
UUPL00388,CCBP1009USR,LSN22,25,40,2021-09-18T11:30:00Z
UUPL00389,CCBP1009USR,LSN22,8,48,2021-09-20T09:30:00Z
UUPL00390,CCBP1009USR,LSN22,11,59,2021-09-21T05:30:00Z
UUPL00391,CCBP1009USR,LSN22,41,100,2021-09-22T06:30:00Z
UUPL01535,CCBP1013USR,LSN22,15,15,2021-09-18T09:30:00Z
UUPL01536,CCBP1013USR,LSN22,25,40,2021-09-19T05:30:00Z
UUPL01537,CCBP1013USR,LSN22,8,48,2021-09-20T06:30:00Z
UUPL01538,CCBP1013USR,LSN22,11,59,2021-09-21T04:30:00Z
UUPL01539,CCBP1013USR,LSN22,41,100,2021-09-22T12:30:00Z
UUPL01617,CCBP1014USR,LSN22,15,15,2021-09-18T12:30:00Z
UUPL01618,CCBP1014USR,LSN22,25,40,2021-09-19T07:30:00Z
UUPL01619,CCBP1014USR,LSN22,8,48,2021-09-20T11:30:00Z
UUPL01645,CCBP1014USR,LSN22,11,59,2021-09-21T09:30:00Z
UUPL01646,CCBP1014USR,LSN22,41,100,2021-09-22T05:30:00Z
UUPL01654,CCBP1018USR,LSN22,15,15,2021-09-18T11:30:00Z
UUPL01655,CCBP1018USR,LSN22,25,40,2021-09-19T09:30:00Z
UUPL01656,CCBP1018USR,LSN22,8,48,2021-09-20T05:30:00Z
UUPL01657,CCBP1018USR,LSN22,11,59,2021-09-21T06:30:00Z
UUPL01658,CCBP1018USR,LSN22,41,100,2021-09-22T04:30:00Z
UUPL01655,CCBP1024USR,LSN22,15,15,2021-09-18T09:30:00Z
UUPL01656,CCBP1024USR,LSN22,25,40,2021-09-19T05:30:00Z
UUPL01657,CCBP1024USR,LSN22,8,48,2021-09-20T06:30:00Z
UUPL01658,CCBP1024USR,LSN22,11,59,2021-09-21T04:30:00Z
UUPL01659,CCBP1024USR,LSN22,41,100,2021-09-22T12:30:00Z
UUPL01659,CCBP1028USR,LSN22,15,15,2021-09-18T06:30:00Z
UUPL01682,CCBP1028USR,LSN22,25,40,2021-09-19T04:30:00Z
UUPL01653,CCBP1028USR,LSN22,8,48,2021-09-20T12:30:00Z
UUPL01654,CCBP1028USR,LSN22,11,59,2021-09-21T07:30:00Z
UUPL01655,CCBP1028USR,LSN22,41,100,2021-09-22T11:30:00Z
UUPL01682,CCBP1029USR,LSN22,15,15,2021-09-18T11:30:00Z
UUPL01653,CCBP1029USR,LSN22,25,40,2021-09-19T09:30:00Z
UUPL01654,CCBP1029USR,LSN22,8,48,2021-09-20T05:30:00Z
UUPL01655,CCBP1029USR,LSN22,11,59,2021-09-21T06:30:00Z
UUPL01656,CCBP1029USR,LSN22,41,100,2021-09-22T04:30:00Z
UUPL01656,CCBP1033USR,LSN22,15,15,2021-09-18T05:30:00Z
UUPL01657,CCBP1033USR,LSN22,25,40,2021-09-19T06:30:00Z
UUPL01658,CCBP1033USR,LSN22,8,48,2021-09-20T04:30:00Z
UUPL01659,CCBP1033USR,LSN22,11,59,2021-09-21T12:30:00Z
UUPL01682,CCBP1033USR,LSN22,41,100,2021-09-22T07:30:00Z
UUPL01657,CCBP1034USR,LSN22,15,15,2021-09-18T07:30:00Z
UUPL01658,CCBP1034USR,LSN22,25,40,2021-09-19T11:30:00Z
UUPL01659,CCBP1034USR,LSN22,8,48,2021-09-20T09:30:00Z
UUPL01682,CCBP1034USR,LSN22,11,59,2021-09-21T05:30:00Z
UUPL01653,CCBP1034USR,LSN22,41,100,2021-09-22T06:30:00Z
UUPL01653,CCBP1038USR,LSN22,15,15,2021-09-18T09:30:00Z
UUPL01654,CCBP1038USR,LSN22,25,40,2021-09-19T05:30:00Z
UUPL01655,CCBP1038USR,LSN22,8,48,2021-09-20T06:30:00Z
UUPL01656,CCBP1038USR,LSN22,11,59,2021-09-21T04:30:00Z
UUPL01657,CCBP1038USR,LSN22,41,100,2021-09-22T12:30:00Z
UUPL01659,CCBP1044USR,LSN22,15,15,2022-01-18T06:30:00Z
UUPL01682,CCBP1044USR,LSN22,25,40,2022-01-19T06:30:00Z
UUPL01653,CCBP1044USR,LSN22,8,48,2022-01-20T06:30:00Z
UUPL01654,CCBP1044USR,LSN22,11,59,2022-01-21T06:30:00Z
UUPL01655,CCBP1044USR,LSN22,41,100,2022-01-22T06:30:00Z
UUPL01655,CCBP1048USR,LSN22,15,15,2021-09-18T07:30:00Z
UUPL01656,CCBP1048USR,LSN22,25,40,2021-09-19T11:30:00Z
UUPL01657,CCBP1048USR,LSN22,8,48,2021-09-20T09:30:00Z
UUPL01658,CCBP1048USR,LSN22,11,59,2021-09-21T05:30:00Z
UUPL01659,CCBP1048USR,LSN22,41,100,2021-09-22T06:30:00Z
UUPL01656,CCBP1049USR,LSN22,15,15,2021-09-18T06:30:00Z
UUPL01657,CCBP1049USR,LSN22,25,40,2021-09-19T04:30:00Z
UUPL01658,CCBP1049USR,LSN22,8,48,2021-09-20T12:30:00Z
UUPL01659,CCBP1049USR,LSN22,11,59,2021-09-21T07:30:00Z
UUPL01682,CCBP1049USR,LSN22,41,100,2021-09-22T11:30:00Z
UUPL01682,CCBP1003USR,LSN22,15,15,2021-09-18T12:30:00Z
UUPL01653,CCBP1003USR,LSN22,25,40,2021-09-19T07:30:00Z
UUPL01654,CCBP1003USR,LSN22,8,48,2021-09-20T11:30:00Z
UUPL01655,CCBP1003USR,LSN22,11,59,2021-09-21T09:30:00Z
UUPL01656,CCBP1003USR,LSN22,41,100,2021-09-22T05:30:00Z
UUPL01653,CCBP1005USR,LSN22,15,15,2021-09-18T05:30:00Z
UUPL01654,CCBP1005USR,LSN22,25,40,2021-09-19T06:30:00Z
UUPL01655,CCBP1005USR,LSN22,8,48,2021-09-20T04:30:00Z
UUPL01656,CCBP1005USR,LSN22,11,59,2021-09-21T12:30:00Z
UUPL01657,CCBP1005USR,LSN22,41,100,2021-09-22T07:30:00Z
UUPL01657,CCBP1006USR,LSN22,15,15,2021-09-18T04:30:00Z
UUPL01658,CCBP1006USR,LSN22,25,40,2021-09-19T12:30:00Z
UUPL01659,CCBP1006USR,LSN22,8,48,2021-09-20T07:30:00Z
UUPL01682,CCBP1006USR,LSN22,11,59,2021-09-21T11:30:00Z
UUPL01653,CCBP1006USR,LSN22,41,100,2021-09-22T09:30:00Z
UUPL01655,CCBP1015USR,LSN22,15,15,2021-09-18T11:30:00Z
UUPL01656,CCBP1015USR,LSN22,25,40,2021-09-19T09:30:00Z
UUPL01657,CCBP1015USR,LSN22,8,48,2021-09-20T05:30:00Z
UUPL01658,CCBP1015USR,LSN22,11,59,2021-09-21T06:30:00Z
UUPL01659,CCBP1015USR,LSN22,41,100,2021-09-22T04:30:00Z
UUPL01659,CCBP1032USR,LSN22,15,15,2022-02-12T06:30:00Z
UUPL01682,CCBP1032USR,LSN22,25,40,2022-02-13T06:30:00Z
UUPL01653,CCBP1032USR,LSN22,8,48,2022-02-14T06:30:00Z
UUPL01654,CCBP1032USR,LSN22,11,59,2022-02-15T06:30:00Z
UUPL01655,CCBP1032USR,LSN22,41,100,2022-02-16T06:30:00Z
UUPL01682,CCBP1020USR,LSN22,15,15,2021-09-18T07:30:00Z
UUPL01653,CCBP1020USR,LSN22,25,40,2021-09-19T11:30:00Z
UUPL01654,CCBP1020USR,LSN22,8,48,2021-09-20T09:30:00Z
UUPL01655,CCBP1020USR,LSN22,11,59,2021-09-21T05:30:00Z
UUPL01656,CCBP1020USR,LSN22,41,100,2021-09-22T06:30:00Z
UUPL01656,CCBP1035USR,LSN22,15,15,2021-09-18T09:30:00Z
UUPL01657,CCBP1035USR,LSN22,25,40,2021-09-19T05:30:00Z
UUPL01658,CCBP1035USR,LSN22,8,48,2021-09-20T06:30:00Z
UUPL01659,CCBP1035USR,LSN22,11,59,2021-09-21T04:30:00Z
UUPL01682,CCBP1035USR,LSN22,41,100,2021-09-22T12:30:00Z
UUPL01657,CCBP1036USR,LSN22,15,15,2021-09-18T12:30:00Z
UUPL01658,CCBP1036USR,LSN22,25,40,2021-09-19T07:30:00Z
UUPL01659,CCBP1036USR,LSN22,8,48,2021-09-20T11:30:00Z
UUPL01682,CCBP1036USR,LSN22,11,59,2021-09-21T09:30:00Z
UUPL01653,CCBP1036USR,LSN22,41,100,2021-09-22T05:30:00Z
UUPL01653,CCBP1040USR,LSN22,15,15,2021-09-18T11:30:00Z
UUPL01654,CCBP1040USR,LSN22,25,40,2021-09-19T09:30:00Z
UUPL01655,CCBP1040USR,LSN22,8,48,2021-09-20T05:30:00Z
UUPL01656,CCBP1040USR,LSN22,11,59,2021-09-21T06:30:00Z
UUPL01657,CCBP1040USR,LSN22,41,100,2021-09-22T04:30:00Z
UUPL00100,CCBP1004USR,LSN23,15,30,2021-09-23T12:30:00Z
UUPL00102,CCBP1004USR,LSN23,15,15,2021-09-23T11:30:00Z
UUPL00103,CCBP1004USR,LSN23,26,56,2021-09-26T09:30:00Z
UUPL00104,CCBP1004USR,LSN23,6,62,2021-09-27T05:30:00Z
UUPL00343,CCBP1008USR,LSN23,15,15,2021-09-23T11:30:00Z
UUPL00345,CCBP1008USR,LSN23,15,30,2021-09-25T05:30:00Z
UUPL00346,CCBP1008USR,LSN23,11,41,2021-09-26T06:30:00Z
UUPL00347,CCBP1008USR,LSN23,6,47,2021-09-27T04:30:00Z
UUPL00392,CCBP1009USR,LSN23,15,15,2021-09-23T04:30:00Z
UUPL00407,CCBP1009USR,LSN23,25,40,2021-09-24T12:30:00Z
UUPL01401,CCBP1009USR,LSN23,8,48,2021-09-25T07:30:00Z
UUPL01402,CCBP1009USR,LSN23,11,59,2021-09-26T11:30:00Z
UUPL01403,CCBP1009USR,LSN23,6,65,2021-09-27T09:30:00Z
UUPL01540,CCBP1013USR,LSN23,15,15,2021-09-23T07:30:00Z
UUPL01541,CCBP1013USR,LSN23,25,40,2021-09-24T11:30:00Z
UUPL01542,CCBP1013USR,LSN23,8,48,2021-09-25T09:30:00Z
UUPL01543,CCBP1013USR,LSN23,11,59,2021-09-26T05:30:00Z
UUPL01544,CCBP1013USR,LSN23,6,65,2021-09-27T06:30:00Z
UUPL01647,CCBP1014USR,LSN23,15,15,2021-09-23T06:30:00Z
UUPL01648,CCBP1014USR,LSN23,25,40,2021-09-24T04:30:00Z
UUPL01649,CCBP1014USR,LSN23,8,48,2021-09-25T12:30:00Z
UUPL01650,CCBP1014USR,LSN23,11,59,2021-09-26T07:30:00Z
UUPL01651,CCBP1014USR,LSN23,6,65,2021-09-27T11:30:00Z
UUPL01659,CCBP1018USR,LSN23,15,15,2021-09-23T12:30:00Z
UUPL01682,CCBP1018USR,LSN23,25,40,2021-09-24T07:30:00Z
UUPL01653,CCBP1018USR,LSN23,8,48,2021-09-25T11:30:00Z
UUPL01654,CCBP1018USR,LSN23,11,59,2021-09-26T09:30:00Z
UUPL01655,CCBP1018USR,LSN23,6,65,2021-09-27T05:30:00Z
UUPL01682,CCBP1024USR,LSN23,15,15,2021-09-23T07:30:00Z
UUPL01653,CCBP1024USR,LSN23,25,40,2021-09-24T11:30:00Z
UUPL01654,CCBP1024USR,LSN23,8,48,2021-09-25T09:30:00Z
UUPL01655,CCBP1024USR,LSN23,11,59,2021-09-26T05:30:00Z
UUPL01656,CCBP1024USR,LSN23,6,65,2021-09-27T06:30:00Z
UUPL01656,CCBP1028USR,LSN23,15,15,2021-09-23T09:30:00Z
UUPL01657,CCBP1028USR,LSN23,25,40,2021-09-24T05:30:00Z
UUPL01658,CCBP1028USR,LSN23,8,48,2021-09-25T06:30:00Z
UUPL01659,CCBP1028USR,LSN23,11,59,2021-09-26T04:30:00Z
UUPL01682,CCBP1028USR,LSN23,6,65,2021-09-27T12:30:00Z
UUPL01657,CCBP1029USR,LSN23,15,15,2021-09-23T12:30:00Z
UUPL01658,CCBP1029USR,LSN23,25,40,2021-09-24T07:30:00Z
UUPL01659,CCBP1029USR,LSN23,8,48,2021-09-25T11:30:00Z
UUPL01682,CCBP1029USR,LSN23,11,59,2021-09-26T09:30:00Z
UUPL01653,CCBP1029USR,LSN23,6,65,2021-09-27T05:30:00Z
UUPL01653,CCBP1033USR,LSN23,15,15,2021-09-23T11:30:00Z
UUPL01654,CCBP1033USR,LSN23,25,40,2021-09-24T09:30:00Z
UUPL01655,CCBP1033USR,LSN23,8,48,2021-09-25T05:30:00Z
UUPL01656,CCBP1033USR,LSN23,11,59,2021-09-26T06:30:00Z
UUPL01657,CCBP1033USR,LSN23,6,65,2021-09-27T04:30:00Z
UUPL01654,CCBP1034USR,LSN23,15,15,2021-09-23T04:30:00Z
UUPL01655,CCBP1034USR,LSN23,25,40,2021-09-24T12:30:00Z
UUPL01656,CCBP1034USR,LSN23,8,48,2021-09-25T07:30:00Z
UUPL01657,CCBP1034USR,LSN23,11,59,2021-09-26T11:30:00Z
UUPL01658,CCBP1034USR,LSN23,6,65,2021-09-27T09:30:00Z
UUPL01658,CCBP1038USR,LSN23,15,15,2021-09-23T07:30:00Z
UUPL01659,CCBP1038USR,LSN23,25,40,2021-09-24T11:30:00Z
UUPL01682,CCBP1038USR,LSN23,8,48,2021-09-25T09:30:00Z
UUPL01653,CCBP1038USR,LSN23,11,59,2021-09-26T05:30:00Z
UUPL01654,CCBP1038USR,LSN23,6,65,2021-09-27T06:30:00Z
UUPL01656,CCBP1044USR,LSN23,15,15,2022-01-23T06:30:00Z
UUPL01657,CCBP1044USR,LSN23,25,40,2022-01-24T06:30:00Z
UUPL01658,CCBP1044USR,LSN23,8,48,2022-01-25T06:30:00Z
UUPL01659,CCBP1044USR,LSN23,11,59,2022-01-26T06:30:00Z
UUPL01682,CCBP1044USR,LSN23,6,65,2022-01-27T06:30:00Z
UUPL01682,CCBP1048USR,LSN23,15,15,2021-09-23T04:30:00Z
UUPL01653,CCBP1048USR,LSN23,25,40,2021-09-24T12:30:00Z
UUPL01654,CCBP1048USR,LSN23,8,48,2021-09-25T07:30:00Z
UUPL01655,CCBP1048USR,LSN23,11,59,2021-09-26T11:30:00Z
UUPL01656,CCBP1048USR,LSN23,6,65,2021-09-27T09:30:00Z
UUPL01653,CCBP1049USR,LSN23,15,15,2021-09-23T09:30:00Z
UUPL01654,CCBP1049USR,LSN23,25,40,2021-09-24T05:30:00Z
UUPL01655,CCBP1049USR,LSN23,8,48,2021-09-25T06:30:00Z
UUPL01656,CCBP1049USR,LSN23,11,59,2021-09-26T04:30:00Z
UUPL01657,CCBP1049USR,LSN23,6,65,2021-09-27T12:30:00Z
UUPL01657,CCBP1003USR,LSN23,15,15,2021-09-23T06:30:00Z
UUPL01658,CCBP1003USR,LSN23,25,40,2021-09-24T04:30:00Z
UUPL01659,CCBP1003USR,LSN23,8,48,2021-09-25T12:30:00Z
UUPL01682,CCBP1003USR,LSN23,11,59,2021-09-26T07:30:00Z
UUPL01653,CCBP1003USR,LSN23,6,65,2021-09-27T11:30:00Z
UUPL01658,CCBP1005USR,LSN23,15,15,2021-09-23T11:30:00Z
UUPL01659,CCBP1005USR,LSN23,25,40,2021-09-24T09:30:00Z
UUPL01682,CCBP1005USR,LSN23,8,48,2021-09-25T05:30:00Z
UUPL01653,CCBP1005USR,LSN23,11,59,2021-09-26T06:30:00Z
UUPL01654,CCBP1005USR,LSN23,6,65,2021-09-27T04:30:00Z
UUPL01654,CCBP1006USR,LSN23,15,15,2021-09-23T05:30:00Z
UUPL01655,CCBP1006USR,LSN23,25,40,2021-09-24T06:30:00Z
UUPL01656,CCBP1006USR,LSN23,8,48,2021-09-25T04:30:00Z
UUPL01657,CCBP1006USR,LSN23,11,59,2021-09-26T12:30:00Z
UUPL01658,CCBP1006USR,LSN23,6,65,2021-09-27T07:30:00Z
UUPL01682,CCBP1015USR,LSN23,15,15,2021-09-23T12:30:00Z
UUPL01653,CCBP1015USR,LSN23,25,40,2021-09-24T07:30:00Z
UUPL01654,CCBP1015USR,LSN23,8,48,2021-09-25T11:30:00Z
UUPL01655,CCBP1015USR,LSN23,11,59,2021-09-26T09:30:00Z
UUPL01656,CCBP1015USR,LSN23,6,65,2021-09-27T05:30:00Z
UUPL01656,CCBP1032USR,LSN23,15,15,2021-09-23T11:30:00Z
UUPL01657,CCBP1032USR,LSN23,25,40,2021-09-24T09:30:00Z
UUPL01658,CCBP1032USR,LSN23,8,48,2021-09-25T05:30:00Z
UUPL01659,CCBP1032USR,LSN23,11,59,2021-09-26T06:30:00Z
UUPL01682,CCBP1032USR,LSN23,6,65,2021-09-27T04:30:00Z
UUPL01657,CCBP1020USR,LSN23,15,15,2021-09-23T04:30:00Z
UUPL01658,CCBP1020USR,LSN23,25,40,2021-09-24T12:30:00Z
UUPL01659,CCBP1020USR,LSN23,8,48,2021-09-25T07:30:00Z
UUPL01682,CCBP1020USR,LSN23,11,59,2021-09-26T11:30:00Z
UUPL01653,CCBP1020USR,LSN23,6,65,2021-09-27T09:30:00Z
UUPL01653,CCBP1035USR,LSN23,15,15,2021-09-23T07:30:00Z
UUPL01654,CCBP1035USR,LSN23,25,40,2021-09-24T11:30:00Z
UUPL01655,CCBP1035USR,LSN23,8,48,2021-09-25T09:30:00Z
UUPL01656,CCBP1035USR,LSN23,11,59,2021-09-26T05:30:00Z
UUPL01657,CCBP1035USR,LSN23,6,65,2021-09-27T06:30:00Z
UUPL01654,CCBP1036USR,LSN23,15,15,2021-09-23T06:30:00Z
UUPL01655,CCBP1036USR,LSN23,25,40,2021-09-24T04:30:00Z
UUPL01656,CCBP1036USR,LSN23,8,48,2021-09-25T12:30:00Z
UUPL01657,CCBP1036USR,LSN23,11,59,2021-09-26T07:30:00Z
UUPL01658,CCBP1036USR,LSN23,6,65,2021-09-27T11:30:00Z
UUPL01658,CCBP1040USR,LSN23,15,15,2021-09-23T12:30:00Z
UUPL01659,CCBP1040USR,LSN23,25,40,2021-09-24T07:30:00Z
UUPL01682,CCBP1040USR,LSN23,8,48,2021-09-25T11:30:00Z
UUPL01653,CCBP1040USR,LSN23,11,59,2021-09-26T09:30:00Z
UUPL01654,CCBP1040USR,LSN23,6,65,2021-09-27T05:30:00Z
